p,percentage
http://bias.org/vocab/P31,0.18627234
http://bias.org/vocab/P17,0.06668448
http://bias.org/vocab/P27,0.055605896
http://bias.org/vocab/P106,0.0534027
http://bias.org/vocab/P54,0.04460237
http://bias.org/vocab/P131,0.0445823
http://bias.org/vocab/P19,0.04152444
http://bias.org/vocab/P735,0.0406676
http://bias.org/vocab/P161,0.024943931
http://bias.org/vocab/P641,0.023559272
http://bias.org/vocab/P69,0.02132936
http://bias.org/vocab/P47,0.020847945
http://bias.org/vocab/P421,0.019634198
http://bias.org/vocab/P105,0.018151695
http://bias.org/vocab/P136,0.017952079
http://bias.org/vocab/P171,0.01691196
http://bias.org/vocab/P20,0.013537102
http://bias.org/vocab/P495,0.012654854
http://bias.org/vocab/P1412,0.011578565
http://bias.org/vocab/P1344,0.0107985735
http://bias.org/vocab/P175,0.008895843
http://bias.org/vocab/P166,0.008846145
http://bias.org/vocab/P413,0.008780108
http://bias.org/vocab/P264,0.0074755475
http://bias.org/vocab/P155,0.0072266213
http://bias.org/vocab/P156,0.0068721897
http://bias.org/vocab/P364,0.006622827
http://bias.org/vocab/P361,0.0066102208
http://bias.org/vocab/P102,0.0061356896
http://bias.org/vocab/P150,0.0052670175
http://bias.org/vocab/P734,0.0052520838
http://bias.org/vocab/P57,0.0048285113
http://bias.org/vocab/P463,0.0046766535
http://bias.org/vocab/P279,0.004644653
http://bias.org/vocab/P407,0.0045594634
http://bias.org/vocab/P159,0.0040048338
http://bias.org/vocab/P108,0.0038872072
http://bias.org/vocab/P39,0.0036950093
http://bias.org/vocab/P3373,0.003668148
http://bias.org/vocab/P937,0.0034744956
http://bias.org/vocab/P607,0.00341704
http://bias.org/vocab/P360,0.0031981748
http://bias.org/vocab/P527,0.0031931323
http://bias.org/vocab/P40,0.0031507558
http://bias.org/vocab/P86,0.003051602
http://bias.org/vocab/P162,0.002867162
http://bias.org/vocab/P50,0.0028077182
http://bias.org/vocab/P137,0.0027252438
http://bias.org/vocab/P141,0.002522282
http://bias.org/vocab/P22,0.002422983
http://bias.org/vocab/P1343,0.0023762912
http://bias.org/vocab/P58,0.0023733336
http://bias.org/vocab/P26,0.0022575494
http://bias.org/vocab/P123,0.0022110515
http://bias.org/vocab/P1303,0.0020634606
http://bias.org/vocab/P1196,0.0020582727
http://bias.org/vocab/P400,0.001974489
http://bias.org/vocab/P190,0.0019173243
http://bias.org/vocab/P241,0.0018589473
http://bias.org/vocab/P138,0.0018339286
http://bias.org/vocab/P344,0.0017321083
http://bias.org/vocab/P119,0.0016637433
http://bias.org/vocab/P276,0.0016461915
http://bias.org/vocab/P127,0.0016193787
http://bias.org/vocab/P750,0.0015992087
http://bias.org/vocab/P140,0.001531474
http://bias.org/vocab/P1346,0.0015043218
http://bias.org/vocab/P462,0.0014904063
http://bias.org/vocab/P3450,0.0014656786
http://bias.org/vocab/P449,0.0014604421
http://bias.org/vocab/P509,0.0014376538
http://bias.org/vocab/P176,0.0014348417
http://bias.org/vocab/P172,0.0013535793
http://bias.org/vocab/P197,0.0012961722
http://bias.org/vocab/P840,0.001255347
http://bias.org/vocab/P921,0.001221116
http://bias.org/vocab/P404,0.0012156856
http://bias.org/vocab/P179,0.0011235625
http://bias.org/vocab/P1411,0.001118132
http://bias.org/vocab/P272,0.0010927255
http://bias.org/vocab/P118,0.0010442882
http://bias.org/vocab/P180,0.0010399729
http://bias.org/vocab/P36,0.0010077783
http://bias.org/vocab/P30,9.959962E-4
http://bias.org/vocab/P101,9.900325E-4
http://bias.org/vocab/P81,9.799959E-4
http://bias.org/vocab/P103,9.772322E-4
http://bias.org/vocab/P706,9.027095E-4
http://bias.org/vocab/P178,8.998488E-4
http://bias.org/vocab/P710,8.976185E-4
http://bias.org/vocab/P170,8.4583554E-4
http://bias.org/vocab/P915,8.10247E-4
http://bias.org/vocab/P282,8.0918026E-4
http://bias.org/vocab/P149,8.050105E-4
http://bias.org/vocab/P410,7.9618604E-4
http://bias.org/vocab/P25,7.9555577E-4
http://bias.org/vocab/P84,7.607429E-4
http://bias.org/vocab/P1435,7.584641E-4
http://bias.org/vocab/P1889,7.5240334E-4
http://bias.org/vocab/P740,7.3596666E-4
http://bias.org/vocab/P1269,7.1434194E-4
http://bias.org/vocab/P186,6.9519004E-4
http://bias.org/vocab/P1040,6.929597E-4
http://bias.org/vocab/P800,6.8995357E-4
http://bias.org/vocab/P53,6.6731067E-4
http://bias.org/vocab/P703,6.672622E-4
http://bias.org/vocab/P126,6.5979536E-4
http://bias.org/vocab/P403,6.531528E-4
http://bias.org/vocab/P112,6.3754036E-4
http://bias.org/vocab/P452,6.004487E-4
http://bias.org/vocab/P460,5.68545E-4
http://bias.org/vocab/P135,5.668965E-4
http://bias.org/vocab/P1057,5.637934E-4
http://bias.org/vocab/P793,5.5336894E-4
http://bias.org/vocab/P2416,5.4376875E-4
http://bias.org/vocab/P551,5.4008386E-4
http://bias.org/vocab/P16,5.3252006E-4
http://bias.org/vocab/P437,4.8645848E-4
http://bias.org/vocab/P1923,4.8190082E-4
http://bias.org/vocab/P115,4.7792497E-4
http://bias.org/vocab/P466,4.3773022E-4
http://bias.org/vocab/P144,4.305058E-4
http://bias.org/vocab/P1441,4.2924518E-4
http://bias.org/vocab/P931,4.1300242E-4
http://bias.org/vocab/P664,4.0883265E-4
http://bias.org/vocab/P1066,3.911353E-4
http://bias.org/vocab/P725,3.907959E-4
http://bias.org/vocab/P206,3.8454123E-4
http://bias.org/vocab/P2094,3.8449274E-4
http://bias.org/vocab/P184,3.764926E-4
http://bias.org/vocab/P676,3.6912275E-4
http://bias.org/vocab/P59,3.6349837E-4
http://bias.org/vocab/P366,3.5394667E-4
http://bias.org/vocab/P61,3.518133E-4
http://bias.org/vocab/P991,3.5094054E-4
http://bias.org/vocab/P1142,3.4900111E-4
http://bias.org/vocab/P1454,3.4420102E-4
http://bias.org/vocab/P559,3.4095245E-4
http://bias.org/vocab/P183,3.3130377E-4
http://bias.org/vocab/P195,3.2941284E-4
http://bias.org/vocab/P412,3.2534002E-4
http://bias.org/vocab/P1376,3.2470972E-4
http://bias.org/vocab/P1064,3.230127E-4
http://bias.org/vocab/P306,3.213157E-4
http://bias.org/vocab/P674,3.1932778E-4
http://bias.org/vocab/P2597,3.0938818E-4
http://bias.org/vocab/P97,3.0051527E-4
http://bias.org/vocab/P2348,2.9062416E-4
http://bias.org/vocab/P289,2.804906E-4
http://bias.org/vocab/P1001,2.7588446E-4
http://bias.org/vocab/P414,2.7379958E-4
http://bias.org/vocab/P737,2.7084193E-4
http://bias.org/vocab/P479,2.6836916E-4
http://bias.org/vocab/P1056,2.6550848E-4
http://bias.org/vocab/P2554,2.6361755E-4
http://bias.org/vocab/P287,2.6075687E-4
http://bias.org/vocab/P530,2.607084E-4
http://bias.org/vocab/P512,2.5857502E-4
http://bias.org/vocab/P802,2.5610224E-4
http://bias.org/vocab/P749,2.5232034E-4
http://bias.org/vocab/P611,2.487324E-4
http://bias.org/vocab/P1408,2.4465958E-4
http://bias.org/vocab/P2789,2.4364138E-4
http://bias.org/vocab/P275,2.3971402E-4
http://bias.org/vocab/P37,2.3893824E-4
http://bias.org/vocab/P1080,2.3632E-4
http://bias.org/vocab/P177,2.315684E-4
http://bias.org/vocab/P708,2.3103505E-4
http://bias.org/vocab/P4552,2.2841681E-4
http://bias.org/vocab/P1038,2.2575009E-4
http://bias.org/vocab/P277,2.2143485E-4
http://bias.org/vocab/P286,2.2109546E-4
http://bias.org/vocab/P1995,2.2075605E-4
http://bias.org/vocab/P1427,2.0936188E-4
http://bias.org/vocab/P21,2.0543452E-4
http://bias.org/vocab/P974,2.0252538E-4
http://bias.org/vocab/P1192,1.9185849E-4
http://bias.org/vocab/P1071,1.9088878E-4
http://bias.org/vocab/P1050,1.9074332E-4
http://bias.org/vocab/P355,1.8870691E-4
http://bias.org/vocab/P358,1.8473106E-4
http://bias.org/vocab/P647,1.811916E-4
http://bias.org/vocab/P488,1.8075523E-4
http://bias.org/vocab/P3912,1.7387024E-4
http://bias.org/vocab/P541,1.7348236E-4
http://bias.org/vocab/P6,1.6873074E-4
http://bias.org/vocab/P609,1.67858E-4
http://bias.org/vocab/P516,1.6698525E-4
http://bias.org/vocab/P3018,1.6587008E-4
http://bias.org/vocab/P1399,1.6557916E-4
http://bias.org/vocab/P1365,1.6397913E-4
http://bias.org/vocab/P1366,1.6024572E-4
http://bias.org/vocab/P1877,1.5898509E-4
http://bias.org/vocab/P2293,1.5883963E-4
http://bias.org/vocab/P1431,1.5549411E-4
http://bias.org/vocab/P196,1.5316678E-4
http://bias.org/vocab/P485,1.4802729E-4
http://bias.org/vocab/P376,1.4589391E-4
http://bias.org/vocab/P1990,1.4555451E-4
http://bias.org/vocab/P65,1.4395447E-4
http://bias.org/vocab/P3022,1.4031804E-4
http://bias.org/vocab/P2176,1.380392E-4
http://bias.org/vocab/P2175,1.3406336E-4
http://bias.org/vocab/P2321,1.3372397E-4
http://bias.org/vocab/P451,1.3115421E-4
http://bias.org/vocab/P1313,1.2635412E-4
http://bias.org/vocab/P2515,1.2441468E-4
http://bias.org/vocab/P121,1.236874E-4
http://bias.org/vocab/P113,1.1762666E-4
http://bias.org/vocab/P467,1.116629E-4
http://bias.org/vocab/P1383,1.09141634E-4
http://bias.org/vocab/P411,1.0865678E-4
http://bias.org/vocab/P3137,1.0812344E-4
http://bias.org/vocab/P2868,1.0788101E-4
http://bias.org/vocab/P1716,1.0662038E-4
http://bias.org/vocab/P1327,1.0366274E-4
http://bias.org/vocab/P408,1.0366274E-4
http://bias.org/vocab/P1598,1.0327485E-4
http://bias.org/vocab/P375,1.0308091E-4
http://bias.org/vocab/P826,1.02159676E-4
http://bias.org/vocab/P371,9.9735385E-5
http://bias.org/vocab/P520,9.891112E-5
http://bias.org/vocab/P610,9.7892924E-5
http://bias.org/vocab/P736,9.765049E-5
http://bias.org/vocab/P3279,9.682623E-5
http://bias.org/vocab/P2632,9.52262E-5
http://bias.org/vocab/P4000,9.411103E-5
http://bias.org/vocab/P945,9.149279E-5
http://bias.org/vocab/P2358,9.04261E-5
http://bias.org/vocab/P1532,8.90685E-5
http://bias.org/vocab/P2541,8.809878E-5
http://bias.org/vocab/P825,8.790484E-5
http://bias.org/vocab/P200,8.6886634E-5
http://bias.org/vocab/P2978,8.678966E-5
http://bias.org/vocab/P461,8.601389E-5
http://bias.org/vocab/P769,8.5916916E-5
http://bias.org/vocab/P1029,8.5722975E-5
http://bias.org/vocab/P87,8.523811E-5
http://bias.org/vocab/P417,8.49472E-5
http://bias.org/vocab/P98,8.451083E-5
http://bias.org/vocab/P1444,8.286231E-5
http://bias.org/vocab/P2564,8.237745E-5
http://bias.org/vocab/P4312,8.223199E-5
http://bias.org/vocab/P598,8.1844104E-5
http://bias.org/vocab/P4132,8.15047E-5
http://bias.org/vocab/P450,7.864404E-5
http://bias.org/vocab/P1302,7.699552E-5
http://bias.org/vocab/P870,7.597732E-5
http://bias.org/vocab/P739,7.46682E-5
http://bias.org/vocab/P185,6.865596E-5
http://bias.org/vocab/P930,6.85105E-5
http://bias.org/vocab/P201,6.826807E-5
http://bias.org/vocab/P1950,6.560135E-5
http://bias.org/vocab/P110,6.5552864E-5
http://bias.org/vocab/P1885,6.5068E-5
http://bias.org/vocab/P291,6.487406E-5
http://bias.org/vocab/P2545,6.448617E-5
http://bias.org/vocab/P765,6.409829E-5
http://bias.org/vocab/P658,6.361343E-5
http://bias.org/vocab/P669,6.327403E-5
http://bias.org/vocab/P38,6.322554E-5
http://bias.org/vocab/P1433,6.2740684E-5
http://bias.org/vocab/P3092,6.220734E-5
http://bias.org/vocab/P556,6.104368E-5
http://bias.org/vocab/P1037,6.0025475E-5
http://bias.org/vocab/P1027,5.9928505E-5
http://bias.org/vocab/P2061,5.798907E-5
http://bias.org/vocab/P504,5.706784E-5
http://bias.org/vocab/P2670,5.551629E-5
http://bias.org/vocab/P2962,5.3237458E-5
http://bias.org/vocab/P3764,5.0473765E-5
http://bias.org/vocab/P1387,5.037679E-5
http://bias.org/vocab/P398,5.018285E-5
http://bias.org/vocab/P1875,4.9504048E-5
http://bias.org/vocab/P397,4.9116163E-5
http://bias.org/vocab/P35,4.8388873E-5
http://bias.org/vocab/P1884,4.8146445E-5
http://bias.org/vocab/P1072,4.7904014E-5
http://bias.org/vocab/P122,4.7176727E-5
http://bias.org/vocab/P3602,4.611004E-5
http://bias.org/vocab/P841,4.4849407E-5
http://bias.org/vocab/P788,4.373423E-5
http://bias.org/vocab/P1308,4.354029E-5
http://bias.org/vocab/P483,4.2570573E-5
http://bias.org/vocab/P859,4.223117E-5
http://bias.org/vocab/P169,4.21342E-5
http://bias.org/vocab/P194,4.140691E-5
http://bias.org/vocab/P828,4.130994E-5
http://bias.org/vocab/P1414,4.097054E-5
http://bias.org/vocab/P3342,4.087357E-5
http://bias.org/vocab/P1891,4.0582654E-5
http://bias.org/vocab/P2505,3.8546248E-5
http://bias.org/vocab/P2936,3.8012902E-5
http://bias.org/vocab/P163,3.7867445E-5
http://bias.org/vocab/P783,3.714016E-5
http://bias.org/vocab/P780,3.5491637E-5
http://bias.org/vocab/P1312,3.4570407E-5
http://bias.org/vocab/P726,3.418252E-5
http://bias.org/vocab/P1268,3.4134035E-5
http://bias.org/vocab/P1750,3.4134035E-5
http://bias.org/vocab/P1416,3.4085548E-5
http://bias.org/vocab/P2283,3.3649176E-5
http://bias.org/vocab/P91,3.3649176E-5
http://bias.org/vocab/P193,3.3309774E-5
http://bias.org/vocab/P2596,3.234006E-5
http://bias.org/vocab/P941,3.1758227E-5
http://bias.org/vocab/P1533,3.0982454E-5
http://bias.org/vocab/P1552,3.0885483E-5
http://bias.org/vocab/P1462,3.059457E-5
http://bias.org/vocab/P3716,2.962485E-5
http://bias.org/vocab/P237,2.9236964E-5
http://bias.org/vocab/P3919,2.9139994E-5
http://bias.org/vocab/P534,2.8897564E-5
http://bias.org/vocab/P88,2.870362E-5
http://bias.org/vocab/P837,2.812179E-5
http://bias.org/vocab/P1542,2.7588447E-5
http://bias.org/vocab/P85,2.753996E-5
http://bias.org/vocab/P2882,2.6570244E-5
http://bias.org/vocab/P425,2.6327814E-5
http://bias.org/vocab/P2439,2.6279327E-5
http://bias.org/vocab/P2408,2.60369E-5
http://bias.org/vocab/P787,2.5988413E-5
http://bias.org/vocab/P2012,2.5697498E-5
http://bias.org/vocab/P1336,2.521264E-5
http://bias.org/vocab/P880,2.5115667E-5
http://bias.org/vocab/P1811,2.4436866E-5
http://bias.org/vocab/P631,2.4291408E-5
http://bias.org/vocab/P427,2.4194436E-5
http://bias.org/vocab/P1434,2.4097466E-5
http://bias.org/vocab/P2650,2.3903522E-5
http://bias.org/vocab/P2354,2.380655E-5
http://bias.org/vocab/P608,2.322472E-5
http://bias.org/vocab/P469,2.3176233E-5
http://bias.org/vocab/P767,2.3127748E-5
http://bias.org/vocab/P1535,2.1576201E-5
http://bias.org/vocab/P2522,2.12368E-5
http://bias.org/vocab/P912,2.0751942E-5
http://bias.org/vocab/P522,2.0509513E-5
http://bias.org/vocab/P1049,2.0024654E-5
http://bias.org/vocab/P2633,1.9976169E-5
http://bias.org/vocab/P199,1.973374E-5
http://bias.org/vocab/P2695,1.9394338E-5
http://bias.org/vocab/P832,1.9394338E-5
http://bias.org/vocab/P1158,1.8860994E-5
http://bias.org/vocab/P885,1.8860994E-5
http://bias.org/vocab/P2184,1.8812509E-5
http://bias.org/vocab/P2578,1.866705E-5
http://bias.org/vocab/P2922,1.866705E-5
http://bias.org/vocab/P1830,1.8618564E-5
http://bias.org/vocab/P205,1.8182192E-5
http://bias.org/vocab/P2079,1.808522E-5
http://bias.org/vocab/P720,1.808522E-5
http://bias.org/vocab/P415,1.8036735E-5
http://bias.org/vocab/P189,1.7406419E-5
http://bias.org/vocab/P157,1.7309447E-5
http://bias.org/vocab/P263,1.7260962E-5
http://bias.org/vocab/P111,1.7067017E-5
http://bias.org/vocab/P2579,1.6776103E-5
http://bias.org/vocab/P553,1.6582158E-5
http://bias.org/vocab/P927,1.6048814E-5
http://bias.org/vocab/P1962,1.600033E-5
http://bias.org/vocab/P248,1.5466985E-5
http://bias.org/vocab/P748,1.5466985E-5
http://bias.org/vocab/P1321,1.5321528E-5
http://bias.org/vocab/P547,1.5224556E-5
http://bias.org/vocab/P1576,1.51275835E-5
http://bias.org/vocab/P78,1.51275835E-5
http://bias.org/vocab/P1876,1.50790975E-5
http://bias.org/vocab/P1347,1.5030612E-5
http://bias.org/vocab/P833,1.4545753E-5
http://bias.org/vocab/P2992,1.435181E-5
http://bias.org/vocab/P3966,1.435181E-5
http://bias.org/vocab/P562,1.4303324E-5
http://bias.org/vocab/P1445,1.3963923E-5
http://bias.org/vocab/P1589,1.3866952E-5
http://bias.org/vocab/P2341,1.3430579E-5
http://bias.org/vocab/P3815,1.2848749E-5
http://bias.org/vocab/P511,1.2751777E-5
http://bias.org/vocab/P618,1.2654806E-5
http://bias.org/vocab/P689,1.2654806E-5
http://bias.org/vocab/P114,1.2412376E-5
http://bias.org/vocab/P3275,1.236389E-5
http://bias.org/vocab/P1596,1.2315405E-5
http://bias.org/vocab/P2500,1.1976003E-5
http://bias.org/vocab/P1654,1.1830546E-5
http://bias.org/vocab/P2499,1.1733575E-5
http://bias.org/vocab/P3494,1.1733575E-5
http://bias.org/vocab/P3300,1.1491145E-5
http://bias.org/vocab/P2853,1.1345688E-5
http://bias.org/vocab/P681,1.1297202E-5
http://bias.org/vocab/P1382,1.1248716E-5
http://bias.org/vocab/P406,1.120023E-5
http://bias.org/vocab/P1809,1.1151745E-5
http://bias.org/vocab/P2852,1.1103259E-5
http://bias.org/vocab/P2388,1.10062865E-5
http://bias.org/vocab/P1046,1.0909315E-5
http://bias.org/vocab/P3085,1.0860829E-5
http://bias.org/vocab/P2989,1.06184E-5
http://bias.org/vocab/P1322,1.0569915E-5
http://bias.org/vocab/P134,1.05214285E-5
http://bias.org/vocab/P505,1.0133542E-5
http://bias.org/vocab/P533,1.0133542E-5
http://bias.org/vocab/P636,1.0133542E-5
http://bias.org/vocab/P1299,9.842626E-6
http://bias.org/vocab/P66,9.842626E-6
http://bias.org/vocab/P624,9.697169E-6
http://bias.org/vocab/P3592,9.600198E-6
http://bias.org/vocab/P881,9.551712E-6
http://bias.org/vocab/P2286,9.406254E-6
http://bias.org/vocab/P1075,9.212311E-6
http://bias.org/vocab/P2438,9.163825E-6
http://bias.org/vocab/P822,9.115339E-6
http://bias.org/vocab/P2881,9.018368E-6
http://bias.org/vocab/P789,9.018368E-6
http://bias.org/vocab/P2389,8.775938E-6
http://bias.org/vocab/P1547,8.727452E-6
http://bias.org/vocab/P1652,8.678966E-6
http://bias.org/vocab/P1560,8.630481E-6
http://bias.org/vocab/P1582,8.388051E-6
http://bias.org/vocab/P1731,8.339565E-6
http://bias.org/vocab/P1073,8.194108E-6
http://bias.org/vocab/P3301,8.194108E-6
http://bias.org/vocab/P521,8.048651E-6
http://bias.org/vocab/P747,8.048651E-6
http://bias.org/vocab/P2652,7.9516785E-6
http://bias.org/vocab/P1672,7.903192E-6
http://bias.org/vocab/P1419,7.806221E-6
http://bias.org/vocab/P208,7.757735E-6
http://bias.org/vocab/P3091,7.757735E-6
http://bias.org/vocab/P3975,7.46682E-6
http://bias.org/vocab/P790,7.46682E-6
http://bias.org/vocab/P1478,7.224391E-6
http://bias.org/vocab/P831,7.175905E-6
http://bias.org/vocab/P3320,7.0789333E-6
http://bias.org/vocab/P1389,7.0304477E-6
http://bias.org/vocab/P542,7.0304477E-6
http://bias.org/vocab/P972,6.9819616E-6
http://bias.org/vocab/P501,6.933476E-6
http://bias.org/vocab/P1557,6.88499E-6
http://bias.org/vocab/P1678,6.88499E-6
http://bias.org/vocab/P3015,6.88499E-6
http://bias.org/vocab/P1479,6.7880183E-6
http://bias.org/vocab/P1455,6.30316E-6
http://bias.org/vocab/P2384,6.30316E-6
http://bias.org/vocab/P1283,6.0122447E-6
http://bias.org/vocab/P3189,6.0122447E-6
http://bias.org/vocab/P612,5.963759E-6
http://bias.org/vocab/P92,5.963759E-6
http://bias.org/vocab/P655,5.8667874E-6
http://bias.org/vocab/P3174,5.7698157E-6
http://bias.org/vocab/P634,5.7698157E-6
http://bias.org/vocab/P567,5.7213297E-6
http://bias.org/vocab/P1363,5.672844E-6
http://bias.org/vocab/P1002,5.624358E-6
http://bias.org/vocab/P3195,5.624358E-6
http://bias.org/vocab/P2563,5.5273863E-6
http://bias.org/vocab/P129,5.4789007E-6
http://bias.org/vocab/P2673,5.4789007E-6
http://bias.org/vocab/P568,5.4789007E-6
http://bias.org/vocab/P942,5.4789007E-6
http://bias.org/vocab/P1840,5.381929E-6
http://bias.org/vocab/P770,5.2849573E-6
http://bias.org/vocab/P3448,5.1394995E-6
http://bias.org/vocab/P3190,5.042528E-6
http://bias.org/vocab/P532,5.042528E-6
http://bias.org/vocab/P682,4.945556E-6
http://bias.org/vocab/P2512,4.8970705E-6
http://bias.org/vocab/P2674,4.8485845E-6
http://bias.org/vocab/P2860,4.8485845E-6
http://bias.org/vocab/P1531,4.800099E-6
http://bias.org/vocab/P1574,4.800099E-6
http://bias.org/vocab/P2238,4.800099E-6
http://bias.org/vocab/P1906,4.751613E-6
http://bias.org/vocab/P2827,4.751613E-6
http://bias.org/vocab/P1018,4.703127E-6
http://bias.org/vocab/P1951,4.654641E-6
http://bias.org/vocab/P2058,4.6061555E-6
http://bias.org/vocab/P805,4.5576694E-6
http://bias.org/vocab/P2329,4.509184E-6
http://bias.org/vocab/P629,4.4606977E-6
http://bias.org/vocab/P797,4.412212E-6
http://bias.org/vocab/P1074,4.363726E-6
http://bias.org/vocab/P943,4.3152404E-6
http://bias.org/vocab/P3497,4.2667543E-6
http://bias.org/vocab/P588,4.2182687E-6
http://bias.org/vocab/P1880,3.9758393E-6
http://bias.org/vocab/P2289,3.9758393E-6
http://bias.org/vocab/P923,3.9273536E-6
http://bias.org/vocab/P1881,3.8788676E-6
http://bias.org/vocab/P517,3.830382E-6
http://bias.org/vocab/P807,3.830382E-6
http://bias.org/vocab/P457,3.73341E-6
http://bias.org/vocab/P167,3.6849242E-6
http://bias.org/vocab/P500,3.5879525E-6
http://bias.org/vocab/P1591,3.5394667E-6
http://bias.org/vocab/P744,3.5394667E-6
http://bias.org/vocab/P543,3.4909808E-6
http://bias.org/vocab/P1456,3.442495E-6
http://bias.org/vocab/P1034,3.3940091E-6
http://bias.org/vocab/P1595,3.2970374E-6
http://bias.org/vocab/P2925,3.2970374E-6
http://bias.org/vocab/P3261,3.2485516E-6
http://bias.org/vocab/P1028,3.15158E-6
http://bias.org/vocab/P3512,3.0546082E-6
http://bias.org/vocab/P3828,3.0546082E-6
http://bias.org/vocab/P823,3.0546082E-6
http://bias.org/vocab/P1420,3.0061224E-6
http://bias.org/vocab/P2155,3.0061224E-6
http://bias.org/vocab/P3150,3.0061224E-6
http://bias.org/vocab/P3262,3.0061224E-6
http://bias.org/vocab/P210,2.9576365E-6
http://bias.org/vocab/P3833,2.9576365E-6
http://bias.org/vocab/P1546,2.8606648E-6
http://bias.org/vocab/P803,2.8606648E-6
http://bias.org/vocab/P2869,2.812179E-6
http://bias.org/vocab/P3033,2.812179E-6
http://bias.org/vocab/P1318,2.6667215E-6
http://bias.org/vocab/P1000,2.6182356E-6
http://bias.org/vocab/P1068,2.6182356E-6
http://bias.org/vocab/P2825,2.5697498E-6
http://bias.org/vocab/P812,2.521264E-6
http://bias.org/vocab/P924,2.472778E-6
http://bias.org/vocab/P1290,2.4242922E-6
http://bias.org/vocab/P209,2.4242922E-6
http://bias.org/vocab/P680,2.4242922E-6
http://bias.org/vocab/P1304,2.3273205E-6
http://bias.org/vocab/P2935,2.3273205E-6
http://bias.org/vocab/P4220,2.3273205E-6
http://bias.org/vocab/P524,2.2788347E-6
http://bias.org/vocab/P913,2.2788347E-6
http://bias.org/vocab/P1136,2.181863E-6
http://bias.org/vocab/P3679,2.181863E-6
http://bias.org/vocab/P2462,2.1333772E-6
http://bias.org/vocab/P523,2.1333772E-6
http://bias.org/vocab/P2974,2.0364055E-6
http://bias.org/vocab/P545,2.0364055E-6
http://bias.org/vocab/P3103,1.9879196E-6
http://bias.org/vocab/P1656,1.8909479E-6
http://bias.org/vocab/P3461,1.8909479E-6
http://bias.org/vocab/P642,1.8909479E-6
http://bias.org/vocab/P3263,1.8424621E-6
http://bias.org/vocab/P3701,1.8424621E-6
http://bias.org/vocab/P768,1.8424621E-6
http://bias.org/vocab/P1640,1.7939763E-6
http://bias.org/vocab/P2360,1.7939763E-6
http://bias.org/vocab/P3161,1.7939763E-6
http://bias.org/vocab/P3349,1.7939763E-6
http://bias.org/vocab/P1637,1.7454904E-6
http://bias.org/vocab/P2851,1.6970046E-6
http://bias.org/vocab/P702,1.6970046E-6
http://bias.org/vocab/P1398,1.6485187E-6
http://bias.org/vocab/P3095,1.6485187E-6
http://bias.org/vocab/P3491,1.6485187E-6
http://bias.org/vocab/P688,1.6485187E-6
http://bias.org/vocab/P1639,1.6000329E-6
http://bias.org/vocab/P2378,1.6000329E-6
http://bias.org/vocab/P684,1.6000329E-6
http://bias.org/vocab/P3490,1.551547E-6
http://bias.org/vocab/P3938,1.551547E-6
http://bias.org/vocab/P4545,1.551547E-6
http://bias.org/vocab/P546,1.551547E-6
http://bias.org/vocab/P2291,1.5030612E-6
http://bias.org/vocab/P518,1.5030612E-6
http://bias.org/vocab/P1594,1.4545753E-6
http://bias.org/vocab/P2239,1.4545753E-6
http://bias.org/vocab/P2743,1.4060895E-6
http://bias.org/vocab/P3032,1.4060895E-6
http://bias.org/vocab/P3093,1.4060895E-6
http://bias.org/vocab/P3643,1.4060895E-6
http://bias.org/vocab/P2098,1.3576037E-6
http://bias.org/vocab/P2288,1.3576037E-6
http://bias.org/vocab/P2318,1.3091178E-6
http://bias.org/vocab/P2453,1.3091178E-6
http://bias.org/vocab/P2575,1.3091178E-6
http://bias.org/vocab/P2849,1.3091178E-6
http://bias.org/vocab/P3025,1.3091178E-6
http://bias.org/vocab/P3179,1.3091178E-6
http://bias.org/vocab/P3437,1.3091178E-6
http://bias.org/vocab/P1165,1.260632E-6
http://bias.org/vocab/P1537,1.260632E-6
http://bias.org/vocab/P1706,1.260632E-6
http://bias.org/vocab/P2894,1.260632E-6
http://bias.org/vocab/P3173,1.260632E-6
http://bias.org/vocab/P4428,1.260632E-6
http://bias.org/vocab/P1079,1.2121461E-6
http://bias.org/vocab/P2587,1.2121461E-6
http://bias.org/vocab/P552,1.2121461E-6
http://bias.org/vocab/P1372,1.1636603E-6
http://bias.org/vocab/P3113,1.1636603E-6
http://bias.org/vocab/P1032,1.1151744E-6
http://bias.org/vocab/P1536,1.1151744E-6
http://bias.org/vocab/P2813,1.1151744E-6
http://bias.org/vocab/P3082,1.1151744E-6
http://bias.org/vocab/P3712,1.1151744E-6
http://bias.org/vocab/P868,1.1151744E-6
http://bias.org/vocab/P910,1.1151744E-6
http://bias.org/vocab/P1202,1.0666886E-6
http://bias.org/vocab/P3259,1.0666886E-6
http://bias.org/vocab/P3403,1.0666886E-6
http://bias.org/vocab/P3438,1.0666886E-6
http://bias.org/vocab/P4330,1.0666886E-6
http://bias.org/vocab/P2157,1.0182027E-6
http://bias.org/vocab/P2159,1.0182027E-6
http://bias.org/vocab/P2417,1.0182027E-6
http://bias.org/vocab/P2546,1.0182027E-6
http://bias.org/vocab/P2629,1.0182027E-6
http://bias.org/vocab/P2770,1.0182027E-6
http://bias.org/vocab/P3264,1.0182027E-6
http://bias.org/vocab/P3842,1.0182027E-6
http://bias.org/vocab/P2095,9.697169E-7
http://bias.org/vocab/P4043,9.697169E-7
http://bias.org/vocab/P1211,9.2123105E-7
http://bias.org/vocab/P1620,9.2123105E-7
http://bias.org/vocab/P2551,9.2123105E-7
http://bias.org/vocab/P2959,9.2123105E-7
http://bias.org/vocab/P967,9.2123105E-7
http://bias.org/vocab/P1571,8.727452E-7
http://bias.org/vocab/P2152,8.727452E-7
http://bias.org/vocab/P2550,8.727452E-7
http://bias.org/vocab/P418,8.727452E-7
http://bias.org/vocab/P515,8.727452E-7
http://bias.org/vocab/P751,8.727452E-7
http://bias.org/vocab/P1924,8.2425936E-7
http://bias.org/vocab/P566,8.2425936E-7
http://bias.org/vocab/P816,8.2425936E-7
http://bias.org/vocab/P878,8.2425936E-7
http://bias.org/vocab/P1773,7.757735E-7
http://bias.org/vocab/P1035,7.2728767E-7
http://bias.org/vocab/P1227,7.2728767E-7
http://bias.org/vocab/P1429,7.2728767E-7
http://bias.org/vocab/P3094,7.2728767E-7
http://bias.org/vocab/P3985,7.2728767E-7
http://bias.org/vocab/P1432,6.788018E-7
http://bias.org/vocab/P3080,6.788018E-7
http://bias.org/vocab/P3931,6.788018E-7
http://bias.org/vocab/P1264,6.30316E-7
http://bias.org/vocab/P3158,6.30316E-7
http://bias.org/vocab/P654,6.30316E-7
http://bias.org/vocab/P694,6.30316E-7
http://bias.org/vocab/P707,6.30316E-7
http://bias.org/vocab/P928,6.30316E-7
http://bias.org/vocab/P3989,5.8183014E-7
http://bias.org/vocab/P944,5.8183014E-7
http://bias.org/vocab/P1568,5.333443E-7
http://bias.org/vocab/P1593,5.333443E-7
http://bias.org/vocab/P1817,5.333443E-7
http://bias.org/vocab/P2647,5.333443E-7
http://bias.org/vocab/P873,5.333443E-7
http://bias.org/vocab/P1137,4.8485845E-7
http://bias.org/vocab/P1605,4.8485845E-7
http://bias.org/vocab/P2319,4.8485845E-7
http://bias.org/vocab/P2567,4.8485845E-7
http://bias.org/vocab/P2700,4.8485845E-7
http://bias.org/vocab/P2838,4.8485845E-7
http://bias.org/vocab/P3902,4.8485845E-7
http://bias.org/vocab/P4147,4.8485845E-7
http://bias.org/vocab/P4149,4.8485845E-7
http://bias.org/vocab/P4345,4.8485845E-7
http://bias.org/vocab/P795,4.8485845E-7
http://bias.org/vocab/P1201,4.363726E-7
http://bias.org/vocab/P1851,4.363726E-7
http://bias.org/vocab/P2560,4.363726E-7
http://bias.org/vocab/P2568,4.363726E-7
http://bias.org/vocab/P2975,4.363726E-7
http://bias.org/vocab/P3075,4.363726E-7
http://bias.org/vocab/P3205,4.363726E-7
http://bias.org/vocab/P489,4.363726E-7
http://bias.org/vocab/P538,4.363726E-7
http://bias.org/vocab/P834,4.363726E-7
http://bias.org/vocab/P1534,3.8788676E-7
http://bias.org/vocab/P1909,3.8788676E-7
http://bias.org/vocab/P2359,3.8788676E-7
http://bias.org/vocab/P2375,3.8788676E-7
http://bias.org/vocab/P2376,3.8788676E-7
http://bias.org/vocab/P3019,3.8788676E-7
http://bias.org/vocab/P4185,3.8788676E-7
http://bias.org/vocab/P1403,3.394009E-7
http://bias.org/vocab/P1592,3.394009E-7
http://bias.org/vocab/P1789,3.394009E-7
http://bias.org/vocab/P2308,3.394009E-7
http://bias.org/vocab/P2365,3.394009E-7
http://bias.org/vocab/P2739,3.394009E-7
http://bias.org/vocab/P2746,3.394009E-7
http://bias.org/vocab/P3014,3.394009E-7
http://bias.org/vocab/P3354,3.394009E-7
http://bias.org/vocab/P3719,3.394009E-7
http://bias.org/vocab/P4426,3.394009E-7
http://bias.org/vocab/P560,3.394009E-7
http://bias.org/vocab/P872,3.394009E-7
http://bias.org/vocab/P1078,2.9091507E-7
http://bias.org/vocab/P128,2.9091507E-7
http://bias.org/vocab/P1855,2.9091507E-7
http://bias.org/vocab/P2679,2.9091507E-7
http://bias.org/vocab/P2820,2.9091507E-7
http://bias.org/vocab/P3081,2.9091507E-7
http://bias.org/vocab/P3460,2.9091507E-7
http://bias.org/vocab/P3484,2.9091507E-7
http://bias.org/vocab/P399,2.9091507E-7
http://bias.org/vocab/P4292,2.9091507E-7
http://bias.org/vocab/P550,2.9091507E-7
http://bias.org/vocab/P926,2.9091507E-7
http://bias.org/vocab/P1039,2.4242922E-7
http://bias.org/vocab/P1625,2.4242922E-7
http://bias.org/vocab/P1956,2.4242922E-7
http://bias.org/vocab/P2822,2.4242922E-7
http://bias.org/vocab/P2828,2.4242922E-7
http://bias.org/vocab/P2831,2.4242922E-7
http://bias.org/vocab/P2872,2.4242922E-7
http://bias.org/vocab/P2937,2.4242922E-7
http://bias.org/vocab/P3355,2.4242922E-7
http://bias.org/vocab/P3415,2.4242922E-7
http://bias.org/vocab/P3501,2.4242922E-7
http://bias.org/vocab/P3803,2.4242922E-7
http://bias.org/vocab/P1199,1.9394338E-7
http://bias.org/vocab/P1210,1.9394338E-7
http://bias.org/vocab/P1792,1.9394338E-7
http://bias.org/vocab/P3148,1.9394338E-7
http://bias.org/vocab/P3416,1.9394338E-7
http://bias.org/vocab/P4320,1.9394338E-7
http://bias.org/vocab/P4322,1.9394338E-7
http://bias.org/vocab/P447,1.9394338E-7
http://bias.org/vocab/P453,1.9394338E-7
http://bias.org/vocab/P459,1.9394338E-7
http://bias.org/vocab/P925,1.9394338E-7
http://bias.org/vocab/P1026,1.4545753E-7
http://bias.org/vocab/P1041,1.4545753E-7
http://bias.org/vocab/P1060,1.4545753E-7
http://bias.org/vocab/P1340,1.4545753E-7
http://bias.org/vocab/P1393,1.4545753E-7
http://bias.org/vocab/P1897,1.4545753E-7
http://bias.org/vocab/P2634,1.4545753E-7
http://bias.org/vocab/P2701,1.4545753E-7
http://bias.org/vocab/P2738,1.4545753E-7
http://bias.org/vocab/P2821,1.4545753E-7
http://bias.org/vocab/P2976,1.4545753E-7
http://bias.org/vocab/P3432,1.4545753E-7
http://bias.org/vocab/P3447,1.4545753E-7
http://bias.org/vocab/P3739,1.4545753E-7
http://bias.org/vocab/P3967,1.4545753E-7
http://bias.org/vocab/P4379,1.4545753E-7
http://bias.org/vocab/P468,1.4545753E-7
http://bias.org/vocab/P565,1.4545753E-7
http://bias.org/vocab/P660,1.4545753E-7
http://bias.org/vocab/P814,1.4545753E-7
http://bias.org/vocab/P817,1.4545753E-7
http://bias.org/vocab/P970,1.4545753E-7
http://bias.org/vocab/P1013,9.697169E-8
http://bias.org/vocab/P1170,9.697169E-8
http://bias.org/vocab/P1171,9.697169E-8
http://bias.org/vocab/P1221,9.697169E-8
http://bias.org/vocab/P1310,9.697169E-8
http://bias.org/vocab/P1406,9.697169E-8
http://bias.org/vocab/P1464,9.697169E-8
http://bias.org/vocab/P1480,9.697169E-8
http://bias.org/vocab/P1558,9.697169E-8
http://bias.org/vocab/P1686,9.697169E-8
http://bias.org/vocab/P1703,9.697169E-8
http://bias.org/vocab/P1704,9.697169E-8
http://bias.org/vocab/P1878,9.697169E-8
http://bias.org/vocab/P1898,9.697169E-8
http://bias.org/vocab/P1910,9.697169E-8
http://bias.org/vocab/P2210,9.697169E-8
http://bias.org/vocab/P2366,9.697169E-8
http://bias.org/vocab/P2445,9.697169E-8
http://bias.org/vocab/P2675,9.697169E-8
http://bias.org/vocab/P2715,9.697169E-8
http://bias.org/vocab/P2839,9.697169E-8
http://bias.org/vocab/P2876,9.697169E-8
http://bias.org/vocab/P3005,9.697169E-8
http://bias.org/vocab/P3026,9.697169E-8
http://bias.org/vocab/P3433,9.697169E-8
http://bias.org/vocab/P3780,9.697169E-8
http://bias.org/vocab/P4006,9.697169E-8
http://bias.org/vocab/P4099,9.697169E-8
http://bias.org/vocab/P4151,9.697169E-8
http://bias.org/vocab/P4224,9.697169E-8
http://bias.org/vocab/P4323,9.697169E-8
http://bias.org/vocab/P4387,9.697169E-8
http://bias.org/vocab/P4424,9.697169E-8
http://bias.org/vocab/P4425,9.697169E-8
http://bias.org/vocab/P514,9.697169E-8
http://bias.org/vocab/P756,9.697169E-8
http://bias.org/vocab/P1011,4.8485845E-8
http://bias.org/vocab/P1194,4.8485845E-8
http://bias.org/vocab/P1424,4.8485845E-8
http://bias.org/vocab/P1425,4.8485845E-8
http://bias.org/vocab/P1606,4.8485845E-8
http://bias.org/vocab/P1660,4.8485845E-8
http://bias.org/vocab/P1677,4.8485845E-8
http://bias.org/vocab/P1887,4.8485845E-8
http://bias.org/vocab/P1903,4.8485845E-8
http://bias.org/vocab/P1912,4.8485845E-8
http://bias.org/vocab/P1913,4.8485845E-8
http://bias.org/vocab/P1915,4.8485845E-8
http://bias.org/vocab/P1916,4.8485845E-8
http://bias.org/vocab/P1999,4.8485845E-8
http://bias.org/vocab/P2279,4.8485845E-8
http://bias.org/vocab/P2377,4.8485845E-8
http://bias.org/vocab/P2392,4.8485845E-8
http://bias.org/vocab/P2414,4.8485845E-8
http://bias.org/vocab/P2443,4.8485845E-8
http://bias.org/vocab/P2502,4.8485845E-8
http://bias.org/vocab/P2577,4.8485845E-8
http://bias.org/vocab/P2591,4.8485845E-8
http://bias.org/vocab/P2680,4.8485845E-8
http://bias.org/vocab/P2848,4.8485845E-8
http://bias.org/vocab/P3037,4.8485845E-8
http://bias.org/vocab/P3310,4.8485845E-8
http://bias.org/vocab/P3680,4.8485845E-8
http://bias.org/vocab/P3729,4.8485845E-8
http://bias.org/vocab/P3730,4.8485845E-8
http://bias.org/vocab/P3781,4.8485845E-8
http://bias.org/vocab/P3969,4.8485845E-8
http://bias.org/vocab/P4321,4.8485845E-8
http://bias.org/vocab/P4353,4.8485845E-8
http://bias.org/vocab/P470,4.8485845E-8
http://bias.org/vocab/P589,4.8485845E-8
http://bias.org/vocab/P741,4.8485845E-8
http://bias.org/vocab/P853,4.8485845E-8
http://bias.org/vocab/P887,4.8485845E-8
http://bias.org/vocab/P922,4.8485845E-8
http://bias.org/vocab/P971,4.8485845E-8
