Rule,Head Coverage,Std Confidence,PCA Confidence,Positive Examples,Body size,PCA Body size,Functional variable
?a  <http://bias.org/vocab/imports>  ?b   => ?a  <http://bias.org/vocab/exports>  ?b,0.158730159,0.152671756,0.17699115,60,393,339,?a
?a  <http://bias.org/vocab/dealsWith>  ?b   => ?a  <http://bias.org/vocab/hasNeighbor>  ?b,0.295495495,0.125960061,0.16449348,164,1302,997,?b
?b  <http://bias.org/vocab/hasNeighbor>  ?a   => ?a  <http://bias.org/vocab/hasNeighbor>  ?b,0.990990991,0.990990991,0.992779783,550,555,554,?b
?b  <http://bias.org/vocab/dealsWith>  ?a   => ?a  <http://bias.org/vocab/hasNeighbor>  ?b,0.297297297,0.126728111,0.174788136,165,1302,944,?b
?a  <http://bias.org/vocab/hasNeighbor>  ?b   => ?a  <http://bias.org/vocab/dealsWith>  ?b,0.125960061,0.295495495,0.33744856,164,555,486,?a
?b  <http://bias.org/vocab/hasNeighbor>  ?a   => ?a  <http://bias.org/vocab/dealsWith>  ?b,0.126728111,0.297297297,0.340206186,165,555,485,?a
?b  <http://bias.org/vocab/dealsWith>  ?a   => ?a  <http://bias.org/vocab/dealsWith>  ?b,0.122887865,0.122887865,0.148423006,160,1302,1078,?a
?a  <http://bias.org/vocab/isLeaderOf>  ?b   => ?a  <http://bias.org/vocab/isPoliticianOf>  ?b,0.064724919,0.146290491,0.45751634,140,957,306,?a
?a  <http://bias.org/vocab/livesIn>  ?b   => ?a  <http://bias.org/vocab/isPoliticianOf>  ?b,0.038834951,0.028187919,0.226415094,84,2980,371,?a
?a  <http://bias.org/vocab/isCitizenOf>  ?b   => ?a  <http://bias.org/vocab/isPoliticianOf>  ?b,0.091539528,0.057308249,0.755725191,198,3455,262,?a
?a  <http://bias.org/vocab/isLocatedIn>  ?b   => ?a  <http://bias.org/vocab/hasCapital>  ?b,0.38659392,0.011187297,0.234183192,992,88672,4236,?a
?a  <http://bias.org/vocab/isPoliticianOf>  ?b   => ?a  <http://bias.org/vocab/isCitizenOf>  ?b,0.057308249,0.091539528,0.75,198,2163,264,?a
?a  <http://bias.org/vocab/livesIn>  ?b   => ?a  <http://bias.org/vocab/isCitizenOf>  ?b,0.120115774,0.139261745,0.358067299,415,2980,1159,?a
?b  <http://bias.org/vocab/isMarriedTo>  ?a   => ?a  <http://bias.org/vocab/isMarriedTo>  ?b,0.977907905,0.977907905,0.988963661,3674,3757,3715,?a
?a  <http://bias.org/vocab/isLeaderOf>  ?b   => ?a  <http://bias.org/vocab/livesIn>  ?b,0.022483221,0.070010449,0.210691824,67,957,318,?a
?a  <http://bias.org/vocab/wasBornIn>  ?b   => ?a  <http://bias.org/vocab/livesIn>  ?b,0.045637584,0.0030237,0.105426357,136,44978,1290,?a
?a  <http://bias.org/vocab/diedIn>  ?b   => ?a  <http://bias.org/vocab/livesIn>  ?b,0.034228188,0.011029412,0.242857143,102,9248,420,?a
?a  <http://bias.org/vocab/isPoliticianOf>  ?b   => ?a  <http://bias.org/vocab/livesIn>  ?b,0.028187919,0.038834951,0.285714286,84,2163,294,?a
?a  <http://bias.org/vocab/isCitizenOf>  ?b   => ?a  <http://bias.org/vocab/livesIn>  ?b,0.139261745,0.120115774,0.471055619,415,3455,881,?a
?a  <http://bias.org/vocab/graduatedFrom>  ?b   => ?a  <http://bias.org/vocab/worksAt>  ?b,0.176748303,0.081518781,0.277571826,599,7348,2158,?a
?b  <http://bias.org/vocab/hasChild>  ?a   => ?a  <http://bias.org/vocab/hasChild>  ?b,0.081753555,0.081753555,0.109581789,414,5064,3778,?b
?a  <http://bias.org/vocab/created>  ?b   => ?a  <http://bias.org/vocab/wroteMusicFor>  ?b,0.09194642,0.080196163,0.125536238,556,6933,4429,?b
?a  <http://bias.org/vocab/livesIn>  ?b   => ?a  <http://bias.org/vocab/diedIn>  ?b,0.011029412,0.034228188,0.140689655,102,2980,725,?a
?a  <http://bias.org/vocab/wasBornIn>  ?b   => ?a  <http://bias.org/vocab/diedIn>  ?b,0.122404844,0.02516786,0.174127057,1132,44978,6501,?a
?a  <http://bias.org/vocab/exports>  ?b   => ?a  <http://bias.org/vocab/imports>  ?b,0.152671756,0.158730159,0.170940171,60,378,351,?a
?a  <http://bias.org/vocab/worksAt>  ?b   => ?a  <http://bias.org/vocab/graduatedFrom>  ?b,0.081518781,0.176748303,0.192666452,599,3389,3109,?a
?b  <http://bias.org/vocab/happenedIn>  ?a   => ?a  <http://bias.org/vocab/participatedIn>  ?b,0.285048544,0.290348101,0.306920343,1468,5056,4783,?b
?b  <http://bias.org/vocab/influences>  ?a   => ?a  <http://bias.org/vocab/hasAcademicAdvisor>  ?b,0.06892779,0.005882353,0.185294118,63,10710,340,?a
?a  <http://bias.org/vocab/created>  ?b   => ?a  <http://bias.org/vocab/directed>  ?b,0.219303047,0.17337372,0.236521055,1202,6933,5082,?b
?a  <http://bias.org/vocab/wroteMusicFor>  ?b   => ?a  <http://bias.org/vocab/created>  ?b,0.080196163,0.09194642,0.1572843,556,6047,3535,?b
?a  <http://bias.org/vocab/directed>  ?b   => ?a  <http://bias.org/vocab/created>  ?b,0.17337372,0.219303047,0.326364377,1202,5481,3683,?b
?b  <http://bias.org/vocab/participatedIn>  ?a   => ?a  <http://bias.org/vocab/happenedIn>  ?b,0.290348101,0.285048544,0.363186541,1468,5150,4042,?b
?a  <http://bias.org/vocab/directed>  ?b   => ?a  <http://bias.org/vocab/actedIn>  ?b,0.017353444,0.10180624,0.104007456,558,5481,5365,?b
?b  <http://bias.org/vocab/isConnectedTo>  ?a   => ?a  <http://bias.org/vocab/isConnectedTo>  ?b,0.662486352,0.662486352,0.671919,21236,32055,31605,?b
?a  <http://bias.org/vocab/diedIn>  ?b   => ?a  <http://bias.org/vocab/wasBornIn>  ?b,0.02516786,0.122404844,0.174127057,1132,9248,6501,?a
?a  <http://bias.org/vocab/hasCapital>  ?b   => ?a  <http://bias.org/vocab/isLocatedIn>  ?b,0.011187297,0.38659392,0.417508418,992,2566,2376,?a
?b  <http://bias.org/vocab/hasCapital>  ?a   => ?a  <http://bias.org/vocab/isLocatedIn>  ?b,0.019656712,0.679267342,0.681658193,1743,2566,2557,?a
?a  <http://bias.org/vocab/isAffiliatedTo>  ?b   => ?a  <http://bias.org/vocab/playsFor>  ?b,0.868620415,0.746015736,0.825331052,278848,373783,337862,?a
?a  <http://bias.org/vocab/playsFor>  ?b   => ?a  <http://bias.org/vocab/isAffiliatedTo>  ?b,0.746015736,0.868620415,0.946135863,278848,321024,294723,?a
?h  <http://bias.org/vocab/hasCurrency>  ?b  ?a  <http://bias.org/vocab/hasNeighbor>  ?h   => ?a  <http://bias.org/vocab/hasCurrency>  ?b,0.165137615,0.211764706,0.666666667,18,85,27,?a
?g  <http://bias.org/vocab/dealsWith>  ?a  ?g  <http://bias.org/vocab/hasCurrency>  ?b   => ?a  <http://bias.org/vocab/hasCurrency>  ?b,0.146788991,0.131147541,0.390243902,16,122,41,?a
?a  <http://bias.org/vocab/dealsWith>  ?h  ?h  <http://bias.org/vocab/hasCurrency>  ?b   => ?a  <http://bias.org/vocab/hasCurrency>  ?b,0.211009174,0.05764411,0.319444444,23,399,72,?a
?a  <http://bias.org/vocab/hasNeighbor>  ?h  ?h  <http://bias.org/vocab/imports>  ?b   => ?a  <http://bias.org/vocab/exports>  ?b,0.17989418,0.08531995,0.112211221,68,797,606,?a
?g  <http://bias.org/vocab/hasCurrency>  ?b  ?g  <http://bias.org/vocab/isLocatedIn>  ?a   => ?a  <http://bias.org/vocab/hasCurrency>  ?b,0.018348624,0.028169014,0.333333333,2,71,6,?a
?g  <http://bias.org/vocab/exports>  ?b  ?g  <http://bias.org/vocab/hasNeighbor>  ?a   => ?a  <http://bias.org/vocab/exports>  ?b,0.428571429,0.190140845,0.25,162,852,648,?a
?g  <http://bias.org/vocab/hasNeighbor>  ?a  ?g  <http://bias.org/vocab/imports>  ?b   => ?a  <http://bias.org/vocab/exports>  ?b,0.17989418,0.085106383,0.112026359,68,799,607,?a
?a  <http://bias.org/vocab/dealsWith>  ?h  ?h  <http://bias.org/vocab/exports>  ?b   => ?a  <http://bias.org/vocab/exports>  ?b,0.515873016,0.107497244,0.137227305,195,1814,1421,?a
?h  <http://bias.org/vocab/exports>  ?b  ?a  <http://bias.org/vocab/hasNeighbor>  ?h   => ?a  <http://bias.org/vocab/exports>  ?b,0.425925926,0.190984579,0.249226006,161,843,646,?a
?g  <http://bias.org/vocab/dealsWith>  ?a  ?g  <http://bias.org/vocab/exports>  ?b   => ?a  <http://bias.org/vocab/exports>  ?b,0.375661376,0.128158845,0.169047619,142,1108,840,?a
?a  <http://bias.org/vocab/owns>  ?h  ?b  <http://bias.org/vocab/owns>  ?h   => ?a  <http://bias.org/vocab/owns>  ?b,0.012396694,0.006020067,0.126760563,9,1495,71,?b
?a  <http://bias.org/vocab/hasNeighbor>  ?h  ?h  <http://bias.org/vocab/owns>  ?b   => ?a  <http://bias.org/vocab/owns>  ?b,0.03030303,0.103286385,0.103286385,22,213,213,?b
?g  <http://bias.org/vocab/hasNeighbor>  ?a  ?g  <http://bias.org/vocab/owns>  ?b   => ?a  <http://bias.org/vocab/owns>  ?b,0.03030303,0.103286385,0.103286385,22,213,213,?b
?a  <http://bias.org/vocab/hasChild>  ?h  ?h  <http://bias.org/vocab/owns>  ?b   => ?a  <http://bias.org/vocab/owns>  ?b,0.024793388,0.36,0.36,18,50,50,?b
?g  <http://bias.org/vocab/hasChild>  ?a  ?g  <http://bias.org/vocab/owns>  ?b   => ?a  <http://bias.org/vocab/owns>  ?b,0.026170799,0.267605634,0.267605634,19,71,71,?b
?g  <http://bias.org/vocab/dealsWith>  ?a  ?g  <http://bias.org/vocab/owns>  ?b   => ?a  <http://bias.org/vocab/owns>  ?b,0.039944904,0.105072464,0.105072464,29,276,276,?b
?g  <http://bias.org/vocab/owns>  ?b  ?a  <http://bias.org/vocab/owns>  ?g   => ?a  <http://bias.org/vocab/owns>  ?b,0.013774105,0.105263158,0.105263158,10,95,95,?b
?b  <http://bias.org/vocab/isLocatedIn>  ?h  ?a  <http://bias.org/vocab/owns>  ?h   => ?a  <http://bias.org/vocab/owns>  ?b,0.015151515,0.006634499,0.166666667,11,1658,66,?b
?g  <http://bias.org/vocab/hasCurrency>  ?b  ?g  <http://bias.org/vocab/hasNeighbor>  ?a   => ?a  <http://bias.org/vocab/hasCurrency>  ?b,0.165137615,0.214285714,0.666666667,18,84,27,?a
?a  <http://bias.org/vocab/livesIn>  ?b  ?a  <http://bias.org/vocab/wasBornIn>  ?b   => ?a  <http://bias.org/vocab/isLeaderOf>  ?b,0.014629049,0.102941176,0.311111111,14,136,45,?b
?g  <http://bias.org/vocab/dealsWith>  ?a  ?g  <http://bias.org/vocab/imports>  ?b   => ?a  <http://bias.org/vocab/exports>  ?b,0.238095238,0.098360656,0.130624093,90,915,689,?a
?b  <http://bias.org/vocab/dealsWith>  ?a  ?a  <http://bias.org/vocab/dealsWith>  ?b   => ?a  <http://bias.org/vocab/hasNeighbor>  ?b,0.097297297,0.3375,0.457627119,54,160,118,?b
?b  <http://bias.org/vocab/dealsWith>  ?a  ?b  <http://bias.org/vocab/hasNeighbor>  ?a   => ?a  <http://bias.org/vocab/hasNeighbor>  ?b,0.293693694,0.993902439,0.993902439,163,164,164,?b
?h  <http://bias.org/vocab/hasNeighbor>  ?a  ?b  <http://bias.org/vocab/hasNeighbor>  ?h   => ?a  <http://bias.org/vocab/hasNeighbor>  ?b,0.884684685,0.273995536,0.273995536,491,1792,1792,?b
?h  <http://bias.org/vocab/dealsWith>  ?a  ?b  <http://bias.org/vocab/hasNeighbor>  ?h   => ?a  <http://bias.org/vocab/hasNeighbor>  ?b,0.407207207,0.103908046,0.103908046,226,2175,2175,?b
?g  <http://bias.org/vocab/dealsWith>  ?b  ?a  <http://bias.org/vocab/hasNeighbor>  ?g   => ?a  <http://bias.org/vocab/hasNeighbor>  ?b,0.407207207,0.103908046,0.13476446,226,2175,1677,?b
?a  <http://bias.org/vocab/hasNeighbor>  ?h  ?b  <http://bias.org/vocab/hasNeighbor>  ?h   => ?a  <http://bias.org/vocab/hasNeighbor>  ?b,0.884684685,0.273995536,0.27414852,491,1792,1791,?b
?g  <http://bias.org/vocab/dealsWith>  ?b  ?g  <http://bias.org/vocab/hasNeighbor>  ?a   => ?a  <http://bias.org/vocab/hasNeighbor>  ?b,0.407207207,0.102867547,0.133648729,226,2197,1691,?b
?g  <http://bias.org/vocab/dealsWith>  ?a  ?g  <http://bias.org/vocab/hasNeighbor>  ?b   => ?a  <http://bias.org/vocab/hasNeighbor>  ?b,0.407207207,0.102867547,0.102867547,226,2197,2197,?b
?b  <http://bias.org/vocab/dealsWith>  ?a  ?a  <http://bias.org/vocab/hasNeighbor>  ?b   => ?a  <http://bias.org/vocab/dealsWith>  ?b,0.041474654,0.327272727,0.350649351,54,165,154,?a
?b  <http://bias.org/vocab/dealsWith>  ?a  ?b  <http://bias.org/vocab/hasNeighbor>  ?a   => ?a  <http://bias.org/vocab/dealsWith>  ?b,0.041474654,0.329268293,0.352941176,54,164,153,?a
?h  <http://bias.org/vocab/hasNeighbor>  ?b  ?a  <http://bias.org/vocab/hasNeighbor>  ?h   => ?a  <http://bias.org/vocab/hasNeighbor>  ?b,0.884684685,0.273995536,0.273995536,491,1792,1792,?b
?g  <http://bias.org/vocab/hasNeighbor>  ?a  ?g  <http://bias.org/vocab/hasNeighbor>  ?b   => ?a  <http://bias.org/vocab/hasNeighbor>  ?b,0.884684685,0.273537604,0.273537604,491,1795,1795,?b
?h  <http://bias.org/vocab/hasNeighbor>  ?a  ?b  <http://bias.org/vocab/hasNeighbor>  ?h   => ?a  <http://bias.org/vocab/dealsWith>  ?b,0.176651306,0.128348214,0.146871009,230,1792,1566,?a
?a  <http://bias.org/vocab/owns>  ?h  ?b  <http://bias.org/vocab/owns>  ?h   => ?a  <http://bias.org/vocab/dealsWith>  ?b,0.056067588,0.048829431,0.190600522,73,1495,383,?a
?h  <http://bias.org/vocab/dealsWith>  ?b  ?a  <http://bias.org/vocab/hasNeighbor>  ?h   => ?a  <http://bias.org/vocab/dealsWith>  ?b,0.491551459,0.294252874,0.33126294,640,2175,1932,?a
?a  <http://bias.org/vocab/hasNeighbor>  ?h  ?b  <http://bias.org/vocab/hasNeighbor>  ?h   => ?a  <http://bias.org/vocab/dealsWith>  ?b,0.177419355,0.12890625,0.147887324,231,1792,1562,?a
?h  <http://bias.org/vocab/hasNeighbor>  ?b  ?a  <http://bias.org/vocab/hasNeighbor>  ?h   => ?a  <http://bias.org/vocab/dealsWith>  ?b,0.177419355,0.12890625,0.147415444,231,1792,1567,?a
?h  <http://bias.org/vocab/dealsWith>  ?b  ?a  <http://bias.org/vocab/dealsWith>  ?h   => ?a  <http://bias.org/vocab/dealsWith>  ?b,0.732718894,0.249607535,0.249607535,954,3822,3822,?a
?g  <http://bias.org/vocab/dealsWith>  ?b  ?g  <http://bias.org/vocab/hasNeighbor>  ?a   => ?a  <http://bias.org/vocab/dealsWith>  ?b,0.491551459,0.291306327,0.329387545,640,2197,1943,?a
?g  <http://bias.org/vocab/isLocatedIn>  ?b  ?a  <http://bias.org/vocab/owns>  ?g   => ?a  <http://bias.org/vocab/owns>  ?b,0.015151515,0.00735786,0.275,11,1495,40,?b
?a  <http://bias.org/vocab/isLeaderOf>  ?g  ?g  <http://bias.org/vocab/isLocatedIn>  ?b   => ?a  <http://bias.org/vocab/isLeaderOf>  ?b,0.085684431,0.050900062,0.171548117,82,1611,478,?b
?h  <http://bias.org/vocab/isInterestedIn>  ?b  ?a  <http://bias.org/vocab/isInterestedIn>  ?h   => ?a  <http://bias.org/vocab/isInterestedIn>  ?b,0.016736402,0.8,0.8,4,5,5,?a
?g  <http://bias.org/vocab/influences>  ?a  ?g  <http://bias.org/vocab/isKnownFor>  ?b   => ?a  <http://bias.org/vocab/isInterestedIn>  ?b,0.046025105,0.027918782,0.120879121,11,394,91,?a
?g  <http://bias.org/vocab/isInterestedIn>  ?a  ?g  <http://bias.org/vocab/isInterestedIn>  ?b   => ?a  <http://bias.org/vocab/isInterestedIn>  ?b,0.025104603,0.050420168,0.461538462,6,119,13,?a
?a  <http://bias.org/vocab/influences>  ?h  ?h  <http://bias.org/vocab/isInterestedIn>  ?b   => ?a  <http://bias.org/vocab/isInterestedIn>  ?b,0.355648536,0.083909181,0.321969697,85,1013,264,?a
?g  <http://bias.org/vocab/dealsWith>  ?a  ?g  <http://bias.org/vocab/dealsWith>  ?b   => ?a  <http://bias.org/vocab/dealsWith>  ?b,0.475422427,0.193196005,0.229769859,619,3204,2694,?a
?g  <http://bias.org/vocab/influences>  ?a  ?g  <http://bias.org/vocab/isInterestedIn>  ?b   => ?a  <http://bias.org/vocab/isInterestedIn>  ?b,0.527196653,0.111405836,0.370588235,126,1131,340,?a
?g  <http://bias.org/vocab/isCitizenOf>  ?b  ?g  <http://bias.org/vocab/livesIn>  ?a   => ?a  <http://bias.org/vocab/dealsWith>  ?b,0.030721966,0.061728395,0.245398773,40,648,163,?a
?h  <http://bias.org/vocab/isLocatedIn>  ?a  ?b  <http://bias.org/vocab/participatedIn>  ?h   => ?a  <http://bias.org/vocab/dealsWith>  ?b,0.071428571,0.03315508,0.108391608,93,2805,858,?a
?g  <http://bias.org/vocab/isCitizenOf>  ?a  ?g  <http://bias.org/vocab/isCitizenOf>  ?b   => ?a  <http://bias.org/vocab/dealsWith>  ?b,0.068356375,0.131656805,0.217603912,89,676,409,?a
?g  <http://bias.org/vocab/hasNeighbor>  ?a  ?g  <http://bias.org/vocab/hasNeighbor>  ?b   => ?a  <http://bias.org/vocab/dealsWith>  ?b,0.176651306,0.128133705,0.146217419,230,1795,1573,?a
?g  <http://bias.org/vocab/dealsWith>  ?b  ?g  <http://bias.org/vocab/isLocatedIn>  ?a   => ?a  <http://bias.org/vocab/dealsWith>  ?b,0.016897081,0.041431262,0.407407407,22,531,54,?a
?a  <http://bias.org/vocab/hasChild>  ?h  ?h  <http://bias.org/vocab/isCitizenOf>  ?b   => ?a  <http://bias.org/vocab/isPoliticianOf>  ?b,0.056865465,0.532467532,0.831081081,123,231,148,?a
?g  <http://bias.org/vocab/livesIn>  ?a  ?g  <http://bias.org/vocab/livesIn>  ?b   => ?a  <http://bias.org/vocab/dealsWith>  ?b,0.0453149,0.016866781,0.112380952,59,3498,525,?a
?a  <http://bias.org/vocab/hasChild>  ?h  ?h  <http://bias.org/vocab/isLeaderOf>  ?b   => ?a  <http://bias.org/vocab/isPoliticianOf>  ?b,0.04900601,0.211155378,0.397003745,106,502,267,?a
?h  <http://bias.org/vocab/isLocatedIn>  ?b  ?a  <http://bias.org/vocab/livesIn>  ?h   => ?a  <http://bias.org/vocab/isPoliticianOf>  ?b,0.111419325,0.033977161,0.260259179,241,7093,926,?a
?a  <http://bias.org/vocab/isMarriedTo>  ?h  ?h  <http://bias.org/vocab/isPoliticianOf>  ?b   => ?a  <http://bias.org/vocab/isPoliticianOf>  ?b,0.028663893,0.369047619,0.885714286,62,168,70,?a
?h  <http://bias.org/vocab/hasCurrency>  ?b  ?a  <http://bias.org/vocab/isLocatedIn>  ?h   => ?a  <http://bias.org/vocab/hasCurrency>  ?b,0.082568807,0.000559841,0.5625,9,16076,16,?a
?a  <http://bias.org/vocab/hasChild>  ?h  ?h  <http://bias.org/vocab/livesIn>  ?b   => ?a  <http://bias.org/vocab/isPoliticianOf>  ?b,0.014331946,0.080729167,0.13963964,31,384,222,?a
?a  <http://bias.org/vocab/isLeaderOf>  ?h  ?h  <http://bias.org/vocab/isLocatedIn>  ?b   => ?a  <http://bias.org/vocab/isPoliticianOf>  ?b,0.029588534,0.039726878,0.14479638,64,1611,442,?a
?g  <http://bias.org/vocab/hasChild>  ?a  ?g  <http://bias.org/vocab/isLeaderOf>  ?b   => ?a  <http://bias.org/vocab/isPoliticianOf>  ?b,0.021266759,0.12849162,0.259887006,46,358,177,?a
?g  <http://bias.org/vocab/isMarriedTo>  ?a  ?g  <http://bias.org/vocab/isPoliticianOf>  ?b   => ?a  <http://bias.org/vocab/isPoliticianOf>  ?b,0.028663893,0.373493976,0.885714286,62,166,70,?a
?a  <http://bias.org/vocab/graduatedFrom>  ?h  ?h  <http://bias.org/vocab/isLocatedIn>  ?b   => ?a  <http://bias.org/vocab/isPoliticianOf>  ?b,0.335644938,0.04109589,0.204334365,726,17666,3553,?a
?b  <http://bias.org/vocab/hasCapital>  ?h  ?a  <http://bias.org/vocab/livesIn>  ?h   => ?a  <http://bias.org/vocab/isPoliticianOf>  ?b,0.039759593,0.040186916,0.217721519,86,2140,395,?a
?g  <http://bias.org/vocab/hasChild>  ?a  ?g  <http://bias.org/vocab/livesIn>  ?b   => ?a  <http://bias.org/vocab/isPoliticianOf>  ?b,0.014331946,0.095384615,0.155,31,325,200,?a
?a  <http://bias.org/vocab/hasChild>  ?h  ?h  <http://bias.org/vocab/isPoliticianOf>  ?b   => ?a  <http://bias.org/vocab/isPoliticianOf>  ?b,0.424872862,0.718530102,0.87607245,919,1279,1049,?a
?g  <http://bias.org/vocab/hasChild>  ?a  ?g  <http://bias.org/vocab/isPoliticianOf>  ?b   => ?a  <http://bias.org/vocab/isPoliticianOf>  ?b,0.449375867,0.754072925,0.895852535,972,1289,1085,?a
?g  <http://bias.org/vocab/isPoliticianOf>  ?a  ?g  <http://bias.org/vocab/livesIn>  ?b   => ?a  <http://bias.org/vocab/hasCapital>  ?b,0.025720966,0.170984456,0.189111748,66,386,349,?a
?a  <http://bias.org/vocab/created>  ?h  ?h  <http://bias.org/vocab/isLocatedIn>  ?b   => ?a  <http://bias.org/vocab/isPoliticianOf>  ?b,0.011558021,0.005901794,0.274725275,25,4236,91,?a
?g  <http://bias.org/vocab/hasChild>  ?a  ?g  <http://bias.org/vocab/isCitizenOf>  ?b   => ?a  <http://bias.org/vocab/isPoliticianOf>  ?b,0.064724919,0.56,0.777777778,140,250,180,?a
?a  <http://bias.org/vocab/diedIn>  ?h  ?b  <http://bias.org/vocab/hasCapital>  ?h   => ?a  <http://bias.org/vocab/isPoliticianOf>  ?b,0.184466019,0.015589591,0.132955681,399,25594,3001,?a
?g  <http://bias.org/vocab/isLeaderOf>  ?a  ?g  <http://bias.org/vocab/wasBornIn>  ?b   => ?a  <http://bias.org/vocab/hasCapital>  ?b,0.016367888,0.078358209,0.352941176,42,536,119,?a
?g  <http://bias.org/vocab/isPoliticianOf>  ?a  ?g  <http://bias.org/vocab/wasBornIn>  ?b   => ?a  <http://bias.org/vocab/hasCapital>  ?b,0.051052221,0.128810226,0.141774892,131,1017,924,?a
?g  <http://bias.org/vocab/diedIn>  ?b  ?g  <http://bias.org/vocab/isPoliticianOf>  ?a   => ?a  <http://bias.org/vocab/hasCapital>  ?b,0.05066251,0.242085661,0.281995662,130,537,461,?a
?g  <http://bias.org/vocab/diedIn>  ?b  ?g  <http://bias.org/vocab/livesIn>  ?a   => ?a  <http://bias.org/vocab/hasCapital>  ?b,0.015198753,0.066552901,0.131756757,39,586,296,?a
?g  <http://bias.org/vocab/diedIn>  ?b  ?g  <http://bias.org/vocab/isCitizenOf>  ?a   => ?a  <http://bias.org/vocab/hasCapital>  ?b,0.034294622,0.114882507,0.118758435,88,766,741,?a
?a  <http://bias.org/vocab/diedIn>  ?h  ?h  <http://bias.org/vocab/isLocatedIn>  ?b   => ?a  <http://bias.org/vocab/isPoliticianOf>  ?b,0.267683773,0.017255253,0.232436772,579,33555,2491,?a
?a  <http://bias.org/vocab/hasAcademicAdvisor>  ?h  ?h  <http://bias.org/vocab/livesIn>  ?b   => ?a  <http://bias.org/vocab/isCitizenOf>  ?b,0.029232996,0.253132832,0.38996139,101,399,259,?a
?a  <http://bias.org/vocab/hasAcademicAdvisor>  ?h  ?h  <http://bias.org/vocab/isCitizenOf>  ?b   => ?a  <http://bias.org/vocab/isCitizenOf>  ?b,0.076410999,0.357723577,0.533333333,264,738,495,?a
?a  <http://bias.org/vocab/isLeaderOf>  ?h  ?h  <http://bias.org/vocab/isLocatedIn>  ?b   => ?a  <http://bias.org/vocab/isCitizenOf>  ?b,0.013603473,0.029174426,0.225961538,47,1611,208,?a
?h  <http://bias.org/vocab/isLocatedIn>  ?b  ?a  <http://bias.org/vocab/worksAt>  ?h   => ?a  <http://bias.org/vocab/isCitizenOf>  ?b,0.189869754,0.088266954,0.143106457,656,7432,4584,?a
?h  <http://bias.org/vocab/isLocatedIn>  ?b  ?a  <http://bias.org/vocab/livesIn>  ?h   => ?a  <http://bias.org/vocab/isCitizenOf>  ?b,0.103039074,0.050190328,0.140711462,356,7093,2530,?a
?b  <http://bias.org/vocab/isLocatedIn>  ?a  ?a  <http://bias.org/vocab/isLocatedIn>  ?b   => ?a  <http://bias.org/vocab/hasCapital>  ?b,0.35035074,0.156565657,0.787905346,899,5742,1141,?a
?h  <http://bias.org/vocab/dealsWith>  ?b  ?a  <http://bias.org/vocab/isLocatedIn>  ?h   => ?a  <http://bias.org/vocab/dealsWith>  ?b,0.023041475,0.000197043,0.167597765,30,152251,179,?a
?a  <http://bias.org/vocab/hasChild>  ?h  ?h  <http://bias.org/vocab/isCitizenOf>  ?b   => ?a  <http://bias.org/vocab/isCitizenOf>  ?b,0.023733719,0.354978355,0.921348315,82,231,89,?a
?a  <http://bias.org/vocab/diedIn>  ?h  ?b  <http://bias.org/vocab/hasCapital>  ?h   => ?a  <http://bias.org/vocab/isCitizenOf>  ?b,0.120694645,0.016292881,0.10927673,417,25594,3816,?a
?a  <http://bias.org/vocab/created>  ?h  ?h  <http://bias.org/vocab/isLocatedIn>  ?b   => ?a  <http://bias.org/vocab/isCitizenOf>  ?b,0.041678726,0.033994334,0.362720403,144,4236,397,?a
?a  <http://bias.org/vocab/directed>  ?h  ?h  <http://bias.org/vocab/isLocatedIn>  ?b   => ?a  <http://bias.org/vocab/isCitizenOf>  ?b,0.011577424,0.015637217,0.506329114,40,2558,79,?a
?a  <http://bias.org/vocab/hasChild>  ?h  ?h  <http://bias.org/vocab/isPoliticianOf>  ?b   => ?a  <http://bias.org/vocab/isCitizenOf>  ?b,0.034442836,0.093041439,0.793333333,119,1279,150,?a
?g  <http://bias.org/vocab/hasAcademicAdvisor>  ?a  ?g  <http://bias.org/vocab/isCitizenOf>  ?b   => ?a  <http://bias.org/vocab/isCitizenOf>  ?b,0.057018813,0.328881469,0.486419753,197,599,405,?a
?g  <http://bias.org/vocab/hasAcademicAdvisor>  ?a  ?g  <http://bias.org/vocab/livesIn>  ?b   => ?a  <http://bias.org/vocab/isCitizenOf>  ?b,0.024891462,0.249275362,0.367521368,86,345,234,?a
?a  <http://bias.org/vocab/influences>  ?h  ?h  <http://bias.org/vocab/isCitizenOf>  ?b   => ?a  <http://bias.org/vocab/isCitizenOf>  ?b,0.064254703,0.115805947,0.395721925,222,1917,561,?a
?g  <http://bias.org/vocab/hasChild>  ?a  ?g  <http://bias.org/vocab/isPoliticianOf>  ?b   => ?a  <http://bias.org/vocab/isCitizenOf>  ?b,0.030680174,0.08223429,0.848,106,1289,125,?a
?g  <http://bias.org/vocab/hasChild>  ?a  ?g  <http://bias.org/vocab/isCitizenOf>  ?b   => ?a  <http://bias.org/vocab/isCitizenOf>  ?b,0.023733719,0.328,0.911111111,82,250,90,?a
?a  <http://bias.org/vocab/graduatedFrom>  ?h  ?h  <http://bias.org/vocab/isLocatedIn>  ?b   => ?a  <http://bias.org/vocab/isCitizenOf>  ?b,0.376845152,0.073700894,0.195173137,1302,17666,6671,?a
?g  <http://bias.org/vocab/hasCapital>  ?b  ?g  <http://bias.org/vocab/isLocatedIn>  ?a   => ?a  <http://bias.org/vocab/hasCapital>  ?b,0.089633671,0.051546392,0.139647845,230,4462,1647,?a
?a  <http://bias.org/vocab/hasChild>  ?b  ?b  <http://bias.org/vocab/isMarriedTo>  ?a   => ?a  <http://bias.org/vocab/isMarriedTo>  ?b,0.015704019,1,1,59,59,59,?a
?b  <http://bias.org/vocab/hasCapital>  ?h  ?a  <http://bias.org/vocab/wasBornIn>  ?h   => ?a  <http://bias.org/vocab/isPoliticianOf>  ?b,0.165048544,0.004652799,0.137784639,357,76728,2591,?a
?a  <http://bias.org/vocab/diedIn>  ?h  ?h  <http://bias.org/vocab/isLocatedIn>  ?b   => ?a  <http://bias.org/vocab/isCitizenOf>  ?b,0.275542692,0.028371331,0.222481888,952,33555,4279,?a
?g  <http://bias.org/vocab/influences>  ?a  ?g  <http://bias.org/vocab/isCitizenOf>  ?b   => ?a  <http://bias.org/vocab/isCitizenOf>  ?b,0.077279305,0.132769766,0.360323887,267,2011,741,?a
?a  <http://bias.org/vocab/hasChild>  ?h  ?b  <http://bias.org/vocab/hasChild>  ?h   => ?a  <http://bias.org/vocab/isMarriedTo>  ?b,0.235826457,0.106888648,0.239071775,886,8289,3706,?a
?b  <http://bias.org/vocab/hasCapital>  ?h  ?a  <http://bias.org/vocab/livesIn>  ?h   => ?a  <http://bias.org/vocab/livesIn>  ?b,0.091946309,0.128037383,0.128037383,274,2140,2140,?a
?b  <http://bias.org/vocab/hasCapital>  ?h  ?a  <http://bias.org/vocab/wasBornIn>  ?h   => ?a  <http://bias.org/vocab/isCitizenOf>  ?b,0.126193922,0.005682411,0.102443609,436,76728,4256,?a
?a  <http://bias.org/vocab/isLeaderOf>  ?h  ?h  <http://bias.org/vocab/isLocatedIn>  ?b   => ?a  <http://bias.org/vocab/livesIn>  ?b,0.032885906,0.060831782,0.182156134,98,1611,538,?a
?a  <http://bias.org/vocab/hasAcademicAdvisor>  ?h  ?h  <http://bias.org/vocab/livesIn>  ?b   => ?a  <http://bias.org/vocab/livesIn>  ?b,0.023154362,0.172932331,0.439490446,69,399,157,?a
?a  <http://bias.org/vocab/hasAcademicAdvisor>  ?h  ?h  <http://bias.org/vocab/isCitizenOf>  ?b   => ?a  <http://bias.org/vocab/livesIn>  ?b,0.033892617,0.136856369,0.437229437,101,738,231,?a
?a  <http://bias.org/vocab/isMarriedTo>  ?h  ?h  <http://bias.org/vocab/livesIn>  ?b   => ?a  <http://bias.org/vocab/livesIn>  ?b,0.017785235,0.152298851,0.456896552,53,348,116,?a
?a  <http://bias.org/vocab/hasChild>  ?h  ?h  <http://bias.org/vocab/livesIn>  ?b   => ?a  <http://bias.org/vocab/livesIn>  ?b,0.01442953,0.111979167,0.316176471,43,384,136,?a
?h  <http://bias.org/vocab/isLocatedIn>  ?b  ?a  <http://bias.org/vocab/worksAt>  ?h   => ?a  <http://bias.org/vocab/livesIn>  ?b,0.124496644,0.049919268,0.168253968,371,7432,2205,?a
?g  <http://bias.org/vocab/hasAcademicAdvisor>  ?a  ?g  <http://bias.org/vocab/isCitizenOf>  ?b   => ?a  <http://bias.org/vocab/livesIn>  ?b,0.024832215,0.123539232,0.381443299,74,599,194,?a
?h  <http://bias.org/vocab/isLocatedIn>  ?b  ?a  <http://bias.org/vocab/livesIn>  ?h   => ?a  <http://bias.org/vocab/livesIn>  ?b,0.27885906,0.117157761,0.117157761,831,7093,7093,?a
?h  <http://bias.org/vocab/hasCapital>  ?b  ?a  <http://bias.org/vocab/isPoliticianOf>  ?h   => ?a  <http://bias.org/vocab/livesIn>  ?b,0.029865772,0.010485391,0.183505155,89,8488,485,?a
?g  <http://bias.org/vocab/hasAcademicAdvisor>  ?a  ?g  <http://bias.org/vocab/livesIn>  ?b   => ?a  <http://bias.org/vocab/livesIn>  ?b,0.019463087,0.168115942,0.4,58,345,145,?a
?g  <http://bias.org/vocab/hasChild>  ?a  ?g  <http://bias.org/vocab/livesIn>  ?b   => ?a  <http://bias.org/vocab/livesIn>  ?b,0.01409396,0.129230769,0.330708661,42,325,127,?a
?a  <http://bias.org/vocab/actedIn>  ?h  ?h  <http://bias.org/vocab/isLocatedIn>  ?b   => ?a  <http://bias.org/vocab/isCitizenOf>  ?b,0.032416787,0.009922041,0.369636964,112,11288,303,?a
?g  <http://bias.org/vocab/isMarriedTo>  ?a  ?g  <http://bias.org/vocab/livesIn>  ?b   => ?a  <http://bias.org/vocab/livesIn>  ?b,0.017785235,0.152298851,0.464912281,53,348,114,?a
?h  <http://bias.org/vocab/isLocatedIn>  ?b  ?a  <http://bias.org/vocab/wasBornIn>  ?h   => ?a  <http://bias.org/vocab/isPoliticianOf>  ?b,0.446601942,0.006427616,0.259817106,966,150289,3718,?a
?a  <http://bias.org/vocab/hasAcademicAdvisor>  ?h  ?h  <http://bias.org/vocab/worksAt>  ?b   => ?a  <http://bias.org/vocab/worksAt>  ?b,0.047801711,0.118161926,0.16875,162,1371,960,?a
?a  <http://bias.org/vocab/diedIn>  ?h  ?h  <http://bias.org/vocab/isLocatedIn>  ?b   => ?a  <http://bias.org/vocab/livesIn>  ?b,0.081208054,0.00721204,0.164513936,242,33555,1471,?a
?h  <http://bias.org/vocab/graduatedFrom>  ?b  ?a  <http://bias.org/vocab/hasAcademicAdvisor>  ?h   => ?a  <http://bias.org/vocab/worksAt>  ?b,0.030982591,0.085089141,0.131909548,105,1234,796,?a
?g  <http://bias.org/vocab/graduatedFrom>  ?b  ?g  <http://bias.org/vocab/hasAcademicAdvisor>  ?a   => ?a  <http://bias.org/vocab/worksAt>  ?b,0.079079374,0.242314647,0.366621067,268,1106,731,?a
?g  <http://bias.org/vocab/hasAcademicAdvisor>  ?a  ?g  <http://bias.org/vocab/worksAt>  ?b   => ?a  <http://bias.org/vocab/worksAt>  ?b,0.043670699,0.109064112,0.155625657,148,1357,951,?a
?g  <http://bias.org/vocab/influences>  ?a  ?g  <http://bias.org/vocab/worksAt>  ?b   => ?a  <http://bias.org/vocab/worksAt>  ?b,0.01799941,0.050164474,0.10951526,61,1216,557,?a
?h  <http://bias.org/vocab/graduatedFrom>  ?b  ?a  <http://bias.org/vocab/influences>  ?h   => ?a  <http://bias.org/vocab/worksAt>  ?b,0.01799941,0.017789443,0.109318996,61,3429,558,?a
?g  <http://bias.org/vocab/hasChild>  ?a  ?g  <http://bias.org/vocab/isPoliticianOf>  ?b   => ?a  <http://bias.org/vocab/livesIn>  ?b,0.010402685,0.024049651,0.218309859,31,1289,142,?a
?a  <http://bias.org/vocab/hasChild>  ?h  ?b  <http://bias.org/vocab/isMarriedTo>  ?h   => ?a  <http://bias.org/vocab/hasChild>  ?b,0.053317536,0.118838028,0.150753769,270,2272,1791,?b
?a  <http://bias.org/vocab/graduatedFrom>  ?h  ?h  <http://bias.org/vocab/isLocatedIn>  ?b   => ?a  <http://bias.org/vocab/livesIn>  ?b,0.223825503,0.037756142,0.143657118,667,17666,4643,?a
?a  <http://bias.org/vocab/hasChild>  ?h  ?h  <http://bias.org/vocab/isMarriedTo>  ?b   => ?a  <http://bias.org/vocab/hasChild>  ?b,0.053317536,0.11790393,0.15,270,2290,1800,?b
?h  <http://bias.org/vocab/hasChild>  ?b  ?a  <http://bias.org/vocab/isMarriedTo>  ?h   => ?a  <http://bias.org/vocab/hasChild>  ?b,0.309241706,0.581076067,0.581076067,1566,2695,2695,?b
?g  <http://bias.org/vocab/hasChild>  ?b  ?g  <http://bias.org/vocab/isMarriedTo>  ?a   => ?a  <http://bias.org/vocab/hasChild>  ?b,0.308846761,0.57690889,0.57690889,1564,2711,2711,?b
?h  <http://bias.org/vocab/diedIn>  ?b  ?a  <http://bias.org/vocab/hasChild>  ?h   => ?a  <http://bias.org/vocab/diedIn>  ?b,0.037305363,0.165467626,0.243300423,345,2085,1418,?a
?a  <http://bias.org/vocab/isMarriedTo>  ?h  ?h  <http://bias.org/vocab/wasBornIn>  ?b   => ?a  <http://bias.org/vocab/diedIn>  ?b,0.012651384,0.044318182,0.106363636,117,2640,1100,?a
?h  <http://bias.org/vocab/isLocatedIn>  ?b  ?a  <http://bias.org/vocab/worksAt>  ?h   => ?a  <http://bias.org/vocab/diedIn>  ?b,0.039792388,0.049515608,0.112641567,368,7432,3267,?a
?a  <http://bias.org/vocab/dealsWith>  ?h  ?h  <http://bias.org/vocab/hasOfficialLanguage>  ?b   => ?a  <http://bias.org/vocab/hasOfficialLanguage>  ?b,0.355704698,0.160120846,0.26044226,106,662,407,?a
?h  <http://bias.org/vocab/diedIn>  ?b  ?a  <http://bias.org/vocab/isMarriedTo>  ?h   => ?a  <http://bias.org/vocab/diedIn>  ?b,0.037737889,0.226476314,0.325256291,349,1541,1073,?a
?h  <http://bias.org/vocab/hasCapital>  ?b  ?a  <http://bias.org/vocab/isPoliticianOf>  ?h   => ?a  <http://bias.org/vocab/diedIn>  ?b,0.040981834,0.044651272,0.104667219,379,8488,3621,?a
?a  <http://bias.org/vocab/hasNeighbor>  ?h  ?h  <http://bias.org/vocab/hasOfficialLanguage>  ?b   => ?a  <http://bias.org/vocab/hasOfficialLanguage>  ?b,0.255033557,0.336283186,0.506666667,76,226,150,?a
?g  <http://bias.org/vocab/hasNeighbor>  ?a  ?g  <http://bias.org/vocab/hasOfficialLanguage>  ?b   => ?a  <http://bias.org/vocab/hasOfficialLanguage>  ?b,0.255033557,0.337777778,0.506666667,76,225,150,?a
?a  <http://bias.org/vocab/hasChild>  ?h  ?h  <http://bias.org/vocab/wasBornIn>  ?b   => ?a  <http://bias.org/vocab/diedIn>  ?b,0.040981834,0.132378624,0.261921216,379,2863,1447,?a
?g  <http://bias.org/vocab/isMarriedTo>  ?a  ?g  <http://bias.org/vocab/wasBornIn>  ?b   => ?a  <http://bias.org/vocab/diedIn>  ?b,0.012543253,0.044207317,0.106324473,116,2624,1091,?a
?g  <http://bias.org/vocab/hasOfficialLanguage>  ?b  ?g  <http://bias.org/vocab/isLocatedIn>  ?a   => ?a  <http://bias.org/vocab/hasOfficialLanguage>  ?b,0.077181208,0.115577889,0.793103448,23,199,29,?a
?h  <http://bias.org/vocab/hasOfficialLanguage>  ?b  ?a  <http://bias.org/vocab/isLocatedIn>  ?h   => ?a  <http://bias.org/vocab/hasOfficialLanguage>  ?b,0.181208054,0.003883495,0.692307692,54,13905,78,?a
?g  <http://bias.org/vocab/diedIn>  ?b  ?g  <http://bias.org/vocab/hasChild>  ?a   => ?a  <http://bias.org/vocab/diedIn>  ?b,0.038602941,0.153813012,0.256834532,357,2321,1390,?a
?g  <http://bias.org/vocab/hasChild>  ?a  ?g  <http://bias.org/vocab/wasBornIn>  ?b   => ?a  <http://bias.org/vocab/diedIn>  ?b,0.022058824,0.066557912,0.146341463,204,3065,1394,?a
?a  <http://bias.org/vocab/dealsWith>  ?h  ?h  <http://bias.org/vocab/imports>  ?b   => ?a  <http://bias.org/vocab/imports>  ?b,0.610687023,0.158415842,0.18957346,240,1515,1266,?a
?a  <http://bias.org/vocab/dealsWith>  ?h  ?h  <http://bias.org/vocab/exports>  ?b   => ?a  <http://bias.org/vocab/imports>  ?b,0.501272265,0.108599779,0.127425614,197,1814,1546,?a
?a  <http://bias.org/vocab/hasNeighbor>  ?h  ?h  <http://bias.org/vocab/imports>  ?b   => ?a  <http://bias.org/vocab/imports>  ?b,0.419847328,0.207026349,0.251141553,165,797,657,?a
?g  <http://bias.org/vocab/diedIn>  ?b  ?g  <http://bias.org/vocab/isMarriedTo>  ?a   => ?a  <http://bias.org/vocab/diedIn>  ?b,0.037846021,0.226244344,0.325884544,350,1547,1074,?a
?h  <http://bias.org/vocab/exports>  ?b  ?a  <http://bias.org/vocab/hasNeighbor>  ?h   => ?a  <http://bias.org/vocab/imports>  ?b,0.193384224,0.090154211,0.109352518,76,843,695,?a
?g  <http://bias.org/vocab/hasNeighbor>  ?a  ?g  <http://bias.org/vocab/imports>  ?b   => ?a  <http://bias.org/vocab/imports>  ?b,0.422391858,0.2077597,0.252279635,166,799,658,?a
?g  <http://bias.org/vocab/exports>  ?b  ?g  <http://bias.org/vocab/hasNeighbor>  ?a   => ?a  <http://bias.org/vocab/imports>  ?b,0.195928753,0.090375587,0.110473458,77,852,697,?a
?h  <http://bias.org/vocab/isLocatedIn>  ?b  ?a  <http://bias.org/vocab/wasBornIn>  ?h   => ?a  <http://bias.org/vocab/livesIn>  ?b,0.15738255,0.003120654,0.100277956,469,150289,4677,?a
?g  <http://bias.org/vocab/dealsWith>  ?a  ?g  <http://bias.org/vocab/imports>  ?b   => ?a  <http://bias.org/vocab/imports>  ?b,0.37913486,0.16284153,0.207232267,149,915,719,?a
?a  <http://bias.org/vocab/hasAcademicAdvisor>  ?h  ?h  <http://bias.org/vocab/worksAt>  ?b   => ?a  <http://bias.org/vocab/graduatedFrom>  ?b,0.050898204,0.272793581,0.302100162,374,1371,1238,?a
?h  <http://bias.org/vocab/graduatedFrom>  ?b  ?a  <http://bias.org/vocab/hasAcademicAdvisor>  ?h   => ?a  <http://bias.org/vocab/graduatedFrom>  ?b,0.032253674,0.192058347,0.214673913,237,1234,1104,?a
?g  <http://bias.org/vocab/graduatedFrom>  ?b  ?g  <http://bias.org/vocab/hasAcademicAdvisor>  ?a   => ?a  <http://bias.org/vocab/graduatedFrom>  ?b,0.023816004,0.158227848,0.18115942,175,1106,966,?a
?g  <http://bias.org/vocab/dealsWith>  ?a  ?g  <http://bias.org/vocab/hasOfficialLanguage>  ?b   => ?a  <http://bias.org/vocab/hasOfficialLanguage>  ?b,0.244966443,0.228840125,0.347619048,73,319,210,?a
?g  <http://bias.org/vocab/influences>  ?a  ?g  <http://bias.org/vocab/worksAt>  ?b   => ?a  <http://bias.org/vocab/graduatedFrom>  ?b,0.011159499,0.067434211,0.1025,82,1216,800,?a
?g  <http://bias.org/vocab/graduatedFrom>  ?b  ?g  <http://bias.org/vocab/hasChild>  ?a   => ?a  <http://bias.org/vocab/graduatedFrom>  ?b,0.035111595,0.137015401,0.197247706,258,1883,1308,?a
?a  <http://bias.org/vocab/hasNeighbor>  ?h  ?h  <http://bias.org/vocab/participatedIn>  ?b   => ?a  <http://bias.org/vocab/participatedIn>  ?b,0.121941748,0.171678513,0.171678513,628,3658,3658,?b
?h  <http://bias.org/vocab/graduatedFrom>  ?b  ?a  <http://bias.org/vocab/hasChild>  ?h   => ?a  <http://bias.org/vocab/graduatedFrom>  ?b,0.035111595,0.135860979,0.200934579,258,1899,1284,?a
?g  <http://bias.org/vocab/hasNeighbor>  ?a  ?g  <http://bias.org/vocab/participatedIn>  ?b   => ?a  <http://bias.org/vocab/participatedIn>  ?b,0.121941748,0.168139224,0.168139224,628,3735,3735,?b
?g  <http://bias.org/vocab/dealsWith>  ?a  ?g  <http://bias.org/vocab/participatedIn>  ?b   => ?a  <http://bias.org/vocab/participatedIn>  ?b,0.176893204,0.163554758,0.163554758,911,5570,5570,?b
?a  <http://bias.org/vocab/actedIn>  ?b  ?a  <http://bias.org/vocab/directed>  ?b   => ?a  <http://bias.org/vocab/created>  ?b,0.030578393,0.379928315,0.56684492,212,558,374,?b
?a  <http://bias.org/vocab/actedIn>  ?b  ?a  <http://bias.org/vocab/created>  ?b   => ?a  <http://bias.org/vocab/directed>  ?b,0.038679073,0.45106383,0.542199488,212,470,391,?b
?a  <http://bias.org/vocab/happenedIn>  ?h  ?b  <http://bias.org/vocab/hasNeighbor>  ?h   => ?a  <http://bias.org/vocab/happenedIn>  ?b,0.069620253,0.083550914,0.105705706,352,4213,3330,?b
?h  <http://bias.org/vocab/isLocatedIn>  ?b  ?a  <http://bias.org/vocab/wasBornIn>  ?h   => ?a  <http://bias.org/vocab/isCitizenOf>  ?b,0.489146165,0.011245001,0.223367698,1690,150289,7566,?a
?a  <http://bias.org/vocab/happenedIn>  ?h  ?b  <http://bias.org/vocab/hasCapital>  ?h   => ?a  <http://bias.org/vocab/happenedIn>  ?b,0.033821203,0.186071817,0.286432161,171,919,597,?b
?a  <http://bias.org/vocab/happenedIn>  ?g  ?g  <http://bias.org/vocab/hasNeighbor>  ?b   => ?a  <http://bias.org/vocab/happenedIn>  ?b,0.069620253,0.082667919,0.105547226,352,4258,3335,?b
?a  <http://bias.org/vocab/hasAcademicAdvisor>  ?h  ?h  <http://bias.org/vocab/hasWonPrize>  ?b   => ?a  <http://bias.org/vocab/hasWonPrize>  ?b,0.016079442,0.203684211,0.25748503,387,1900,1503,?a
?g  <http://bias.org/vocab/hasAcademicAdvisor>  ?a  ?g  <http://bias.org/vocab/hasWonPrize>  ?b   => ?a  <http://bias.org/vocab/hasWonPrize>  ?b,0.012713977,0.201980198,0.258664413,306,1515,1183,?a
?h  <http://bias.org/vocab/hasWonPrize>  ?b  ?a  <http://bias.org/vocab/isMarriedTo>  ?h   => ?a  <http://bias.org/vocab/hasWonPrize>  ?b,0.021148413,0.168153287,0.310365854,509,3027,1640,?a
?g  <http://bias.org/vocab/owns>  ?a  ?g  <http://bias.org/vocab/owns>  ?b   => ?a  <http://bias.org/vocab/isConnectedTo>  ?b,0.010138824,0.115823236,0.276125743,325,2806,1177,?b
?g  <http://bias.org/vocab/hasChild>  ?a  ?g  <http://bias.org/vocab/hasWonPrize>  ?b   => ?a  <http://bias.org/vocab/hasWonPrize>  ?b,0.033363803,0.201202706,0.312208398,803,3991,2572,?a
?a  <http://bias.org/vocab/hasChild>  ?h  ?h  <http://bias.org/vocab/hasWonPrize>  ?b   => ?a  <http://bias.org/vocab/hasWonPrize>  ?b,0.031577198,0.189054726,0.304,760,4020,2500,?a
?g  <http://bias.org/vocab/hasWonPrize>  ?b  ?g  <http://bias.org/vocab/isMarriedTo>  ?a   => ?a  <http://bias.org/vocab/hasWonPrize>  ?b,0.021148413,0.168487256,0.30998782,509,3021,1642,?a
?h  <http://bias.org/vocab/hasWonPrize>  ?b  ?a  <http://bias.org/vocab/influences>  ?h   => ?a  <http://bias.org/vocab/hasWonPrize>  ?b,0.021522353,0.075499198,0.16823644,518,6861,3079,?a
?a  <http://bias.org/vocab/isAffiliatedTo>  ?h  ?h  <http://bias.org/vocab/isLocatedIn>  ?b   => ?a  <http://bias.org/vocab/livesIn>  ?b,0.056040268,0.000953387,0.171987642,167,175165,971,?a
?g  <http://bias.org/vocab/hasWonPrize>  ?b  ?g  <http://bias.org/vocab/influences>  ?a   => ?a  <http://bias.org/vocab/hasWonPrize>  ?b,0.023932192,0.0875513,0.177887585,576,6579,3238,?a
?a  <http://bias.org/vocab/isAffiliatedTo>  ?h  ?h  <http://bias.org/vocab/isLocatedIn>  ?b   => ?a  <http://bias.org/vocab/isCitizenOf>  ?b,0.061649783,0.001215996,0.139124755,213,175165,1531,?a
?a  <http://bias.org/vocab/hasAcademicAdvisor>  ?h  ?h  <http://bias.org/vocab/hasGender>  ?b   => ?a  <http://bias.org/vocab/hasGender>  ?b,0.011411212,0.947302384,0.961783439,755,797,785,?a
?a  <http://bias.org/vocab/happenedIn>  ?g  ?g  <http://bias.org/vocab/isLocatedIn>  ?b   => ?a  <http://bias.org/vocab/happenedIn>  ?b,0.167721519,0.130301168,0.170726797,848,6508,4967,?b
?a  <http://bias.org/vocab/isAffiliatedTo>  ?h  ?h  <http://bias.org/vocab/isLocatedIn>  ?b   => ?a  <http://bias.org/vocab/isPoliticianOf>  ?b,0.246417013,0.003042845,0.216402761,533,175165,2463,?a
?a  <http://bias.org/vocab/hasChild>  ?h  ?h  <http://bias.org/vocab/hasGender>  ?b   => ?a  <http://bias.org/vocab/hasGender>  ?b,0.033341898,0.666062802,0.699207607,2206,3312,3155,?a
?g  <http://bias.org/vocab/hasChild>  ?a  ?g  <http://bias.org/vocab/hasGender>  ?b   => ?a  <http://bias.org/vocab/hasGender>  ?b,0.036485649,0.652961861,0.679808505,2414,3697,3551,?a
?a  <http://bias.org/vocab/hasCapital>  ?b  ?b  <http://bias.org/vocab/isLocatedIn>  ?a   => ?a  <http://bias.org/vocab/isLocatedIn>  ?b,0.010138488,0.515777395,0.537358039,899,1743,1673,?a
?b  <http://bias.org/vocab/hasCapital>  ?a  ?b  <http://bias.org/vocab/isLocatedIn>  ?a   => ?a  <http://bias.org/vocab/isLocatedIn>  ?b,0.010138488,0.90625,0.908080808,899,992,990,?a
?h  <http://bias.org/vocab/hasGender>  ?b  ?a  <http://bias.org/vocab/influences>  ?h   => ?a  <http://bias.org/vocab/hasGender>  ?b,0.030666687,0.797876524,0.80772293,2029,2543,2512,?a
?g  <http://bias.org/vocab/hasChild>  ?a  ?g  <http://bias.org/vocab/wasBornIn>  ?b   => ?a  <http://bias.org/vocab/wasBornIn>  ?b,0.010227222,0.150081566,0.204899777,460,3065,2245,?a
?g  <http://bias.org/vocab/hasGender>  ?b  ?g  <http://bias.org/vocab/influences>  ?a   => ?a  <http://bias.org/vocab/hasGender>  ?b,0.03684839,0.841269841,0.852745715,2438,2898,2859,?a
?g  <http://bias.org/vocab/diedIn>  ?b  ?g  <http://bias.org/vocab/hasChild>  ?a   => ?a  <http://bias.org/vocab/wasBornIn>  ?b,0.010093824,0.195605343,0.284283031,454,2321,1597,?a
?a  <http://bias.org/vocab/hasCapital>  ?h  ?h  <http://bias.org/vocab/isLocatedIn>  ?b   => ?a  <http://bias.org/vocab/isLocatedIn>  ?b,0.024178997,0.29321663,0.316597755,2144,7312,6772,?a
?b  <http://bias.org/vocab/hasCapital>  ?h  ?a  <http://bias.org/vocab/isLocatedIn>  ?h   => ?a  <http://bias.org/vocab/isLocatedIn>  ?b,0.027032209,0.145211123,0.145211123,2397,16507,16507,?a
?g  <http://bias.org/vocab/hasCapital>  ?a  ?g  <http://bias.org/vocab/isLocatedIn>  ?b   => ?a  <http://bias.org/vocab/isLocatedIn>  ?b,0.022588867,0.448901838,0.450314748,2003,4462,4448,?a
?h  <http://bias.org/vocab/isLocatedIn>  ?b  ?a  <http://bias.org/vocab/playsFor>  ?h   => ?a  <http://bias.org/vocab/diedIn>  ?b,0.047361592,0.003729246,0.125753661,438,117450,3483,?a
?a  <http://bias.org/vocab/isAffiliatedTo>  ?h  ?h  <http://bias.org/vocab/isLocatedIn>  ?b   => ?a  <http://bias.org/vocab/diedIn>  ?b,0.093101211,0.004915366,0.141891892,861,175165,6068,?a
?g  <http://bias.org/vocab/isLocatedIn>  ?a  ?g  <http://bias.org/vocab/isLocatedIn>  ?b   => ?a  <http://bias.org/vocab/isLocatedIn>  ?b,0.174294027,0.146271058,0.158812528,15455,105660,97316,?a
?h  <http://bias.org/vocab/isLocatedIn>  ?b  ?a  <http://bias.org/vocab/isLocatedIn>  ?h   => ?a  <http://bias.org/vocab/isLocatedIn>  ?b,0.387303771,0.230312175,0.230312175,34343,149115,149115,?a
